created_at,text,attitude
2022-03-03,RT @EwanMacKenna: Amazing how Covid just disappeared. And at exactly the same time a big and scary story came along. For two years  and up‚Ä¶,negative
2022-03-03,RT @AWF_VETS: In 2020 we funded a study which explored the #pandemicpuppies phenomenon &amp; the impact Covid has had on puppy purchasing  led‚Ä¶,NON_negative
2022-03-03,RT @reiterasu: ... I think the writer may not have done their research if they can see that there are lots of unpaid invoices for the contr‚Ä¶,NON_negative
2022-03-03,"RT @Daily_Record: Nicola Sturgeon covid briefing backdrop changed as logo resembles Russian naval flag

https://t.co/2Vqvn0vD4W",NON_negative
2022-03-03,It's ¬£200m a month to provide free Covid-19 testing at current level in Scotland  - is this the best way to spend money to protect the vulnerable and poor? https://t.co/6dknKYbiHj,NON_negative
2022-03-03,"RT @theboyzfolder: According to this notice  SUNWOO has tested positive for COVID-19.

He'll be in self-quarantine for his recovery period‚Ä¶",NON_negative
2022-03-03,"RT @petemorristwit: Got this email at work today. I think they've kinda missed the boat.

Oh  and just how effective at keeping covid at ba‚Ä¶",NON_negative
2022-03-03,Philippines logs 989 new COVID-19 cases  total rises to 3 664 905 https://t.co/uLEAHTfAbN,NON_negative
2022-03-03,RT @londoner_sw: @Parsleybear2010 Your just very angry because UK are way ahead of EU on this crisis as well as COVID recovery ! Reminder t‚Ä¶,negative
2022-03-03,2 Texas children accidentally receive adult doses of Covid-19 vaccine - WAAY https://t.co/4TEJgBcX65 https://t.co/Ht3PSRWMrz,negative
2022-03-03,"UN agencies: COVID still a threat to seafarers 
https://t.co/u8d8VJ0p5j",negative
2022-03-03,Why are COVID vaccination rates still low?,negative
2022-03-03,"RT @manilabulletin: Social media darling Zia Dantes is now fully vaxxed.

https://t.co/frvfYtDWza",NON_negative
2022-03-03,"RT @JeromeTaylor: China repeating Hong Kong's mistakes?

""Although nearly 90% of China‚Äôs population is fully vaccinated  barely half of the‚Ä¶",negative
2022-03-03,RT @BobHend25497803: Alok Sharma at #PMQs today unmasked and sitting next to Johnson in a packed HoC knowing already he had tested positive‚Ä¶,NON_negative
2022-03-03,"RT @hkfp: Guide: The latest changes to bus  MTR and ferry services during Hong Kong‚Äôs Covid outbreak 

https://t.co/zZEW1hi62B https://t.co‚Ä¶",NON_negative
2022-03-03,"RT @EvanDonovan: NEW: @GovRonDeSantis annoyed with USF students‚Äî

""You do not have to wear those masks. Please take them off. Honestly  it'‚Ä¶",NON_negative
2022-03-03,wtf with today most of my tl only news about celebrities having covid https://t.co/6w6tUv7nHA,negative
2022-03-03,RT @peter_snape: Florida governor tells people to remove face masks  saying: 'Stop this Covid theatre' - Calling it like it is. https://t.c‚Ä¶,NON_negative
2022-03-03,RT @Jen4Scot: There is no way the SNP govt is paying ¬£200m a month on free Covid tests. They‚Äôve embassies to open you know. Watch the climb‚Ä¶,NON_negative
2022-03-03,"RT @ThePr0diga1S0n: Utter insanity. Watch this:

‚ÄúNewark City Council votes to suspend Lukoil license; local gas station owners say this hu‚Ä¶",negative
2022-03-03,:(((( fuck covid,negative
2022-03-03,"RT @theboyzfolder: According to this notice  SUNWOO has tested positive for COVID-19.

He'll be in self-quarantine for his recovery period‚Ä¶",NON_negative
2022-03-03,Fuck covid  really https://t.co/MxWPjLiZHS,negative
2022-03-03,"RT @theboyzfolder: According to this notice  SUNWOO has tested positive for COVID-19.

He'll be in self-quarantine for his recovery period‚Ä¶",NON_negative
2022-03-03,RT @alvinllum: New: HKU microbiologist Yuen Kwok-yung said Hong Kong will have to ‚Äúfind its own path‚Äù in fighting Covid  noting Hong Kong m‚Ä¶,negative
2022-03-03,RT @GiveUsAQuid: Message to the Covid Cultists: https://t.co/GBhXX8au6Q,NON_negative
2022-03-03,RT @deniseshrivell: Covid numbers are rising - possibly through a new more infectious variant - &amp; not a single mention in the morning news?‚Ä¶,NON_negative
2022-03-03,"RT @drlizzieskinner: Taken on Sunday. 

Morrison tests COVID positive last night. 

Now everyone in these photos are at risk.

This is why‚Ä¶",NON_negative
2022-03-03,nooo not sunwoo too üò≠üò≠üò≠üò≠ pakyu covid sagad,NON_negative
2022-03-03,"Why does he sit at the end of the table‚ùì‚ùì
I don't believe it's down to Covid as we've been told  by MSM ‚ÄºÔ∏è Is he wary that he may be poisoned‚ùì
Let's be honest  he's very knowledgeable when it comes to poison ‚ÄºÔ∏è https://t.co/3Pwvh6Z8EP",negative
2022-03-03,"RT @PeterSweden7: HUGE NEWS

It has now gone almost 3 weeks since Sweden REMOVED all restrictions. 

The seven day average covid infections‚Ä¶",NON_negative
2022-03-03,"RT @JuliaHB1: Fabulous stuff from @GovRonDeSantis telling students to stop the ""Covid theatre"" of wearing pointless masks. Hero.",NON_negative
2022-03-03,RT @xatyrosdi: Ye ke? Waktu whole family aku kena covid  semua unvvacinated infected. I was the only one not infected (fully vaccinated). T‚Ä¶,negative
2022-03-03,RT @snapnchat: PM @narendramodi ji's govt - Being there for every Indian in distress n in need of help - before Covid  during Covid n after‚Ä¶,negative
2022-03-03,"RT @petemorristwit: I realise it's a rhetorical question.
'The' most important thing that has affected just about everyone on the planet fo‚Ä¶",NON_negative
2022-03-03,"RT @theboyzfolder: According to this notice  SUNWOO has tested positive for COVID-19.

He'll be in self-quarantine for his recovery period‚Ä¶",NON_negative
2022-03-03,"RT @theboyzfolder: According to this notice  SUNWOO has tested positive for COVID-19.

He'll be in self-quarantine for his recovery period‚Ä¶",NON_negative
2022-03-03,"RT @theboyzfolder: According to this notice  SUNWOO has tested positive for COVID-19.

He'll be in self-quarantine for his recovery period‚Ä¶",NON_negative
2022-03-03,"RT @EternalEnglish: It's almost as if they are only finding out about the 'effectiveness' of these 'vaccines' now  isn't it?
Whereas they w‚Ä¶",NON_negative
2022-03-03,I AM SO DONE W COVID.,NON_negative
2022-03-03,"‡§¨‡•Ä‡§ú‡•á‡§™‡•Ä ‡§ï‡•ã ‡§ß‡§ï‡•ç‡§ï‡§æ ‡§¶‡•á ‡§ï‡§∞ ‡§Ø‡•Ç‡§™‡•Ä ‡§∏‡•á ‡§ó‡§ø‡§∞‡§æ ‡§¶‡•ã‡•§

During the Covid period they threw our brothers and sisters in the Holy Ganga now it's time to dump them i  the Ganga - @MamataOfficial 

@yadavakhilesh @samajwadiparty 
#UPElections2022 
#FAM4TMC https://t.co/7mNVIJJvWY",negative
2022-03-03,RT @n_hold: Today a student came to me distraught because they have a parent with cancer and my employer dropping the mask mandate on campu‚Ä¶,negative
2022-03-03,"RT @theboyzfolder: According to this notice  SUNWOO has tested positive for COVID-19.

He'll be in self-quarantine for his recovery period‚Ä¶",NON_negative
2022-03-03,Russia-Ukraine conflict could increase numbers of severe COVID-19 disease ‚Äì¬†WHO https://t.co/Zjhc5hqbAJ,negative
2022-03-03,RT @IlariaMariaSala: All is online now in HK  which is ok  with Covid and all. But more and more  when doing interviews - even totally apol‚Ä¶,NON_negative
2022-03-03,"Sunwoo tested positive for covid-19

#GetWellSoonSunwoo üôè https://t.co/lsBTD7kZvu",NON_negative
2022-03-03,RT @Rajeev_GoI: PM @narendramodi ji's govt - Being there for every Indian in distress n in need of help - before Covid  during Covid n afte‚Ä¶,negative
2022-03-03,"Yet still they're enforcing descriminatory policies üëá 

https://t.co/lJ7C5DHosD https://t.co/UQftyoLtmI",NON_negative
2022-03-03,"RT @theboyzfolder: According to this notice  SUNWOO has tested positive for COVID-19.

He'll be in self-quarantine for his recovery period‚Ä¶",NON_negative
2022-03-03,"RT @GarNob: Irish politics. 

During COVID when special schools needed to be open  parents got greater help from @NormaFoleyTD1 and @joseph‚Ä¶",NON_negative
2022-03-03,RT @untitledinakl7: Poor guy but he didn't have covid so why record him ad a covid case? https://t.co/tTT5RxDhpf,negative
2022-03-03,RT @ACME_Uganda: One manager noted; ‚ÄúWhen Covid-19 first broke out  it gave us a boost because there were more messages and talk shows that‚Ä¶,negative
2022-03-03,RT @MerrimanEileen: 25% of people turning up to Middlemore Hospital now positive for Covid.,NON_negative
2022-03-03,"RT @OzraeliAvi: Covid taught us that NO government should be trusted  and censorship is their primary control tool. 

Russia-Ukraine confir‚Ä¶",NON_negative
2022-03-03,Just called @ManUtd ticket office about a seat move from East Tier 2 due to my grandad really struggling with all the steps. Supposedly season ticket holders who took a year out due to covid are priority to get seats and not us who actually stayed on and paid. Also 1/2 #mufc,negative
2022-03-03,White House introduces new mascot  'Cory the Coronavirus'  who will help combat the stigma that the 'misunderstood' virus faces in our society and remind us of the 'upside of COVID infection'.,NON_negative
2022-03-03,"RT @theboyzfolder: According to this notice  SUNWOO has tested positive for COVID-19.

He'll be in self-quarantine for his recovery period‚Ä¶",NON_negative
2022-03-03,"RT @NHSDigital: In the meantime  you can access the COVID Pass service directly: https://t.co/BO0JdBqWyI

2/2",NON_negative
2022-03-03,RT @KieranPAndrews: Bizarre excl: The Scottish government ditches its Covid briefing backdrop after realising it was also a Russian navy ba‚Ä¶,negative
2022-03-03,RT @RobertKennedyJr: A whistleblower lawsuit alleging fraud during Pfizer‚Äôs COVID vaccine trials is moving forward  after a district court‚Ä¶,negative
2022-03-03,RT @ACME_Uganda: While Ugandan journalism has faced momentous challenges during the COVID-19 pandemic  journalists and the media have had t‚Ä¶,NON_negative
2022-03-03,"RT @GLPT01: This is how twisted Democrats are:
They'd rather catch Covid-19 from the vaccine than from an unvaccinated person.",NON_negative
2022-03-03,RT @noplaceforsheep: Morrison has done very many shitty things  however  swanning round with COVID symptoms has to be one of the lowest mon‚Ä¶,negative
2022-03-03,RT @xatyrosdi: Ye ke? Waktu whole family aku kena covid  semua unvvacinated infected. I was the only one not infected (fully vaccinated). T‚Ä¶,negative
2022-03-03,Russia-Ukraine conflict could increase numbers of severe COVID-19 disease ‚Äì¬†WHO https://t.co/eWRY0KGaKA,negative
2022-03-03,RT @PrometheanCave: sloppy and a ‚Äúpolitical‚Äù manner. I also don‚Äôt like that our politicians are using this war as a decoy to move away from‚Ä¶,negative
2022-03-03,fuck you covid!,negative
2022-03-03,"The Centre has asked all states and #UnionTerritories to ensure that no vial of the #Covid19vaccine is wasted in hospitals.

https://t.co/d6faoP5A05",negative
2022-03-03,"RT @babaj1de: With the war in Ukraine even EPL footballers no dey catch Covid-19 again. 

Wonders",negative
2022-03-03,"RT @soompi: SEVENTEEN's Hoshi Diagnosed With COVID-19
https://t.co/l2DufivefD https://t.co/9AlbDV9Wai",NON_negative
2022-03-03,RT @Ashlynn1Woods: Zimbabwe's rich cultural heritage has a unique attraction for global travellers. International tourists have expressed r‚Ä¶,NON_negative
2022-03-03,RT @citizentvkenya: Rigathi Gachagua: It was our wish that the President retires in dignity. We are beginning a conversation around money h‚Ä¶,NON_negative
2022-03-03,know know covid arrive first,NON_negative
2022-03-03,RT @bennyjohnson: Scientists find genetic match between Covid and Moderna 2016 patent https://t.co/3T0U29DnwJ via @MailOnline,NON_negative
2022-03-03,"RT @ArfaSays_: üáµüá∞ Babar Azam ""We're not thinking about who's injured and who's out due to covid. All I'm confident is to utilize the best a‚Ä¶",NON_negative
2022-03-03,RT @PrfChrisPainter: Johnson has been as feeble in dealing with Kremlin oligarchs and Russian money as was in handling the Afghanistan evac‚Ä¶,negative
2022-03-03,RT @ACME_Uganda: ‚ÄúThe psychological aspect of being a journalist is never taken seriously. We lacked counseling. Covering places like the C‚Ä¶,NON_negative
2022-03-03,hye guys! im +ve covid including my uncle and sister. sooo pray for me that nothing will happen! im taking a break now. adios‚ô°,NON_negative
2022-03-03,RT @alicewoolley1: My mum  96  now has covid. It‚Äôs rife in her care home thanks to the new lack of restrictions. Thank you  Boris Johnson ‚Ä¶,NON_negative
2022-03-03,Nearly 90% of #COVID patients who didn't get critical care therapy they needed died despite being ... https://t.co/QMjCU3HfOb via @Yahoo #COVID19 #vaccine,negative
2022-03-03,Covid Duty Over  Teachers Return To Schools For Exams | Ranchi News ‚Äì Times of¬†India https://t.co/UqayrkuWXh,NON_negative
2022-03-03,RT @fslsltn: Covid vaccine update - over 65% of the eligible population is fully vaccinated and 70% of students (over the age 12 years) are‚Ä¶,NON_negative
2022-03-03,"RT @theboyzfolder: According to this notice  SUNWOO has tested positive for COVID-19.

He'll be in self-quarantine for his recovery period‚Ä¶",NON_negative
2022-03-03,RT @CommonSenseMD1: How long ago was it that some Covid Cultists were cool with letting the unvaxxed die  or at the minimum jailed or fined‚Ä¶,negative
2022-03-03,"RT @theboyzfolder: According to this notice  SUNWOO has tested positive for COVID-19.

He'll be in self-quarantine for his recovery period‚Ä¶",NON_negative
2022-03-03,"RT @PaulMeekPerth: Seeing a lot of ""was it the right decision"" to cut WA away from the world as much as we did the last two years

Ten covi‚Ä¶",negative
2022-03-03,"RT @theboyzfolder: According to this notice  SUNWOO has tested positive for COVID-19.

He'll be in self-quarantine for his recovery period‚Ä¶",NON_negative
2022-03-03,"RT @theboyzfolder: According to this notice  SUNWOO has tested positive for COVID-19.

He'll be in self-quarantine for his recovery period‚Ä¶",NON_negative
2022-03-03,RT @BarbaraSutton15: Our members of Parliament have never had so much exposure since covid arrived- and with subsequent events that continu‚Ä¶,NON_negative
2022-03-03,RT @TheEnemiesPE3: It has come to our attention that Nia Jax has been saying some crazy things regarding Ukrainian and and Covid face mask‚Ä¶,negative
2022-03-03,"PM @narendramodi ji's govt - Being there for every Indian in distress n in need of help - before Covid  during Covid n after Covid - ALWAYS üôèüèªüáÆüá≥ @girishdmahajan
@UnmeshPatilBjp @mlasureshbhole
#OperationGanga üáÆüá≥üáÆüá≥üáÆüá≥ https://t.co/NkcFZfeeMr https://t.co/3nR371RPLZ",negative
2022-03-03,"RT @samirasawlani: I love and adore Kenya- but want to share some observations after I landed at JKIA on Tuesday night-

-there was only on‚Ä¶",NON_negative
2022-03-03,RT @alasnich: After listening today to a vapid discussion on ABC Radio Melbourne on COVID and masks  I find myself troubled about the line‚Ä¶,negative
2022-03-03,FUCK YOU TALAGA COVID,negative
2022-03-03,so many people getting covid stay safe üòî,NON_negative
2022-03-03,RT @hkfp: 1. Hong Kong Secretary for Security Chris Tang has arrived at the newly-completed Tsing Yi Covid isolation facility. https://t.co‚Ä¶,negative
2022-03-03,go fight the covid sunwoo i know you can do this https://t.co/ZDnnWVVvRP https://t.co/nSfaUWmMwu,negative
2022-03-03,I thought this covid shit was over.,negative
2022-03-04,"RT @Bad_Devil5: #Valimai Collected above 200+Crs Worldwide in its Opening Weekend ..!üî•üí•üëåüèº

Post Third Covid Wave   First PAN INDIAN movie C‚Ä¶",NON_negative
2022-03-04,"Canada‚Äôs Trudeau Faces Fallout After Trucker Protest
Prime minister‚Äôs approval ratings fall with public and lawmakers put off by divisive language about demonstrations against Covid-19 mandates
https://t.co/4OjJcIHKzu",NON_negative
2022-03-04,"RT @MoneyWeek: This week:
‚Ä¢¬†How Covid changed biotechnology
‚Ä¢¬†Mining stocks back in favour ‚Äì but be careful
‚Ä¢¬†The soap-maker that‚Äôs scrubbi‚Ä¶",NON_negative
2022-03-04,RT @Sambannz: If you still have time and you are in munyonyo and surrounding areas or use Entebbe expressway  in need of Covid-19 jab or 2n‚Ä¶,NON_negative
2022-03-04,RT @VictimOfMaths: Hong Kong is currently experiencing a horrifying COVID-19 outbreak. The mortality rate is approaching the UK's peak in J‚Ä¶,negative
2022-03-04,"RT @JamesMelville: Meanwhile  while we were distracted‚Ä¶

‚ÄúThe World Health Organization will convene member states and leaders of Covid-19‚Ä¶",NON_negative
2022-03-04,RT @LegendaryEnergy: Zelensky has lied so many times this week &amp; gotten American media to push so many fake stories that I‚Äôm legitimately u‚Ä¶,negative
2022-03-04,"RT @ArunAk2206: #Valimai Collected above 200+Crs Worldwide in its Opening Weekend ..!üí•üëåüèº

Post Third Covid Wave   First PAN INDIAN movie Co‚Ä¶",NON_negative
2022-03-04,"RT @february14rose: Good Friday morning Lord. Good Friday morning to all my fellow TBADN and SENIORS around the world.

THANK GOD IT'S FRID‚Ä¶",NON_negative
2022-03-04,"RT @HollieTheCard: One of the most ""telling"" ironies in this entire Russia/Ukraine saga is the silence that's become golden for Tony Blair.‚Ä¶",NON_negative
2022-03-04,Twitter's new chief Parag Agrawal on Thursday said it will reopen offices globally this month but let people work remotely if they wish  as many businesses end closures put in place to fight the spread of Covid-19. https://t.co/Ipig9S6juz,NON_negative
2022-03-04,"RT @soompi: Kim Ji Eun Diagnosed With COVID-19 For Second Time
https://t.co/1qcoGysbOs https://t.co/PEbIJnuYgU",NON_negative
2022-03-04,"RT @MikeNewZ_: New Vitamin D Evidence - More Effective than Vax against Covid

https://t.co/pDpSVrZZqk via @YouTube https://t.co/Q15sVkbMWb",NON_negative
2022-03-04,Former education secretary Gavin Williamson given a knighthood after overseeing Covid exams bungle | Daily Mail Online https://t.co/1DzknaVIVE https://t.co/Xd0AvIV83D,NON_negative
2022-03-04,RT @DuchessAnnie: The two things that disappeared from the mainstream media are Fulani herdsmen and Covid-19. What really happened?,negative
2022-03-04,GCSEs: Exam aids not enough to help poorer students | TES https://t.co/73KeFRpufk,negative
2022-03-04,The care home did not arrange the Covid-19 shots in time and now a care-worker's father  who is in his 90s  has caught the disease.  https://t.co/wTLs4GCueR,NON_negative
2022-03-04,"Karnataka adds 382 new Covid-19 cases  689 recoveries and 10 deaths.

#Karnataka #karnatakahighcourt #COVID19 #CovidIsNotOver #india #newscoreindia https://t.co/GZ26R6Csmg",NON_negative
2022-03-04,RT @MRobertsQLD: Amazing  I can‚Äôt even hear crickets from the COVID extremists‚Äô camp anymore. https://t.co/x42WglVTjE,NON_negative
2022-03-04,"Pre-Flight COVID Testing Is a MESS. Let @MDabroad Help You Wade Through With Our ""Booking Concierge‚Äù Service https://t.co/Wc4MAJukTe #travel #COVID #COVIDtesting #PcrTest  #endemic #FDA #businesstravelers #travelinsurance #hotels #airbnb  #cybersecurity #Pfizer #apps #GetTested https://t.co/cdy3MIyqNi",negative
2022-03-04,"Getting vaccinated offers the best protection against COVID-19. It reduces the risk of spreading it to others and means you‚Äôre less likely to get seriously ill.

For more information about covid vaccines  and a list of walk-in vaccination clinics  go to https://t.co/1xU9OK5nyW https://t.co/b13ieWPdsF",negative
2022-03-04,"China facing economic slowdown as 28 of 31 provinces record reduced growth targets

Regions such as Shanghai Guangdong &amp; Beijing also recorded a lower growth rate as compared to d previous yr  hs posed a concern for d post-COVID economic recovery of China.
https://t.co/lNLIfUHYtz",NON_negative
2022-03-04,RT @PageAman: 53 children admitted to hospital yesterday with covid. 53 children and yet this ‚Äòis over‚Äô. @nadhimzahawi are you proud? World‚Ä¶,NON_negative
2022-03-04,RT @SethAbramson: (PS) 3 200 dead in 48 hours is someone dying of COVID-19 every 54 seconds... for two days straight.,negative
2022-03-04,RT @AmityLassiter: @nb_covid_info My kinder is out this week from covid  but we're feeling so strange about the return after the break. We'‚Ä¶,negative
2022-03-04,RT @stillgray: Remember COVID hysteria? Dead people in the streets. Everyone bought those lies. They‚Äôre feeding you the same lies now  to m‚Ä¶,negative
2022-03-04,I think they are hiding things then springing them upon us  like the flu jab &amp; prescriptions &amp; SPA rises &amp; covid  &amp; other sneaky things no one is looking at while they all play war but secretly doing things in background  even SKY hasnt put covid figures up daily like it used to https://t.co/4RoHKYNjtS,negative
2022-03-04,Ayah +ve covid  I‚Äôm left all alone here. Couldn‚Äôt today be any worst,negative
2022-03-04,RT @brianmoore666: Sir Gavin Williamson. Sacked as Defence Secretary and oversaw the Covid exam debacle  - another reward for failure.,NON_negative
2022-03-04,"RT @VMT_Official: #Valimai Join 200Crs Club üéâ

Post Third Covid Wave   #Ajithkumar's First PAN-INDIAN Movie Collected 200 Crs in 2022 ( Day‚Ä¶",NON_negative
2022-03-04,RT @ANINewsUP: During COVID our citizens were struck across the world and we launched Vande Bharat Mission to bring them back. Now under #O‚Ä¶,negative
2022-03-04,"RT @EP_President: During the #COVID19 pandemic  women took the hardest hit: literally  mentally and financially. 

This must stop. @Europar‚Ä¶",negative
2022-03-04,RT @Saramac7: Can we all just agree that the delivery of the Covid vaccine in the UK wd have been remarkable no matter who was PM  or which‚Ä¶,NON_negative
2022-03-04,RT @DrTomFrieden: Even if masks are no longer mandated for everyone  protect the people around you by masking up if you test positive for C‚Ä¶,NON_negative
2022-03-04,NZ covid testing question - what do you do if you have symptoms (or a close contact) and can't/don't want to go through the hassle of locating a RAT?,negative
2022-03-04,"RT @DrAseemMalhotra: ‚ÄòThey keep telling us to trust the science but who paid for it ?‚Äô 

Brilliant  outstanding long read article by @_bexs‚Ä¶",NON_negative
2022-03-04,"Sad news for HK and a reminder that Covid is far from over.

Also worried this could happen on a much larger scale if Omicron spreads from HK to mainland China where the policy has generally been to prioritise vaccinating working age people first to keep the economy going. https://t.co/8YjOjvp7rR",negative
2022-03-04,Mixed messages from Congress at State of the Union address on Ukraine ¬†COVID-19 https://t.co/JsjjQyeHeR,NON_negative
2022-03-04,"China facing economic slowdown as 28 of 31 provinces record reduced growth targets

Regions such as Shanghai Guangdong &amp; Beijing also recorded a lower growth rate as compared to d previous yr  hs posed a concern for d post-COVID economic recovery of China.
https://t.co/5KQQxrH8xh",NON_negative
2022-03-04,RT @PageAman: 53 children admitted to hospital yesterday with covid. 53 children and yet this ‚Äòis over‚Äô. @nadhimzahawi are you proud? World‚Ä¶,NON_negative
2022-03-04,RT @KevinSixx13: Remember the time before war  Covid and Trump? I think I took it for granted.,negative
2022-03-04,"RT @SayItForwardNow: Celebrating #TeenJournalist Radiah Jamil @MsMagazine  and @KatinaParon this #IWD2022! #TheFutureIsMs #YouthVoices 
htt‚Ä¶",NON_negative
2022-03-04,On Mar 14  @EUinEgypt &amp; @IFPRI with üá™üá¨MALR will host the Ag-Foresight project‚Äôs Closing Workshop. Launching SPatial Agricultural Database for Egypt (SPADE) &amp; CGE model analysis‚Äô findings on post-#COVID-19 recovery for agriculture #ValueChains. Event Pageüëâ https://t.co/jXamPmwgKG https://t.co/yaJ4CDRByC,NON_negative
2022-03-04,RT @Sandyboots2020: I would rather wear a mask for the rest of my life when out and about that one more person die of Covid.,negative
2022-03-04,"RT @Law_Girl_: Now that Covid isn‚Äôt a thing anymore  how do I make myself relevant?! ü§îüò© Climate change! Of course! 
He really is the ü§° jewe‚Ä¶",NON_negative
2022-03-04,"RT @KoduvaMemes: #Valimai Join 200Cr Club üéâ

Post Third Covid Wave   Ajithkumar's First PAN-INDIAN Movie Collected 200 Crs in 2022 ( Day 8‚Ä¶",NON_negative
2022-03-04,RT @Dr_S_Jefferson: My husband‚Äôs grandma died last night after being on the ventilator w/ COVID. Our elders matter. They are NOT disposable.,negative
2022-03-04,"RT @TODAYonline: Top Hong Kong Covid expert says mass-testing plan 'unhelpful'
https://t.co/DZ8hqt3d9k https://t.co/GFbBoFGn07",NON_negative
2022-03-04,RT @NaheedD: So let me get this straight: The Ontario government literally underspent by $5.5 billion this year (including $1.3 billion uns‚Ä¶,NON_negative
2022-03-04,RT @ColourOfJustice: @RichardBurgon @kohenzoller UK masses reportedly facing worst levels of poverty are supported by #UKFoodBeddingBanks.‚Ä¶,negative
2022-03-04,RT @patrickarobey: UK reported 45 656 new cases of covid yesterday and 194 deaths. No matter how much Johnson wishes it  or lies about it ‚Ä¶,negative
2022-03-04,RT @Archies_Human: Would it be unbecoming to wonder if this NSW Liberal Party takeover is why Morrison needs 2 weeks off to recover from co‚Ä¶,NON_negative
2022-03-04,RT @chrishanretty: I surprised myself this morning: COVID deaths in the UK are an order of magnitude greater than they were in summer/autum‚Ä¶,NON_negative
2022-03-04,RT @sydneymardigras: Stay COVID Safe! Maintain physical distancing  bring hand sanitiser with you  and if you‚Äôre catching public transport‚Ä¶,NON_negative
2022-03-04,"RT @SenSchumer: Senate Dems are meeting with @LinaKhanFTC on the troubling corporate price hikes in oil &amp; gas  prescription drugs  more

Pe‚Ä¶",negative
2022-03-04,RT @ExCensorshipose: üö®| BREAKING: Whilst you‚Äôve been distracted by Russia‚Äôs invasion  the UK Gov. published data confirming the Fully Vacci‚Ä¶,negative
2022-03-04,"RT @BenWealthy1: Is the government dismantling pandemic systems too hastily? Matthew Limb @bmj_latest 

Highlights @ADPHUK concerns about s‚Ä¶",NON_negative
2022-03-04,RT @TIME: Why Ukraine's COVID-19 problem is everyone's problem https://t.co/8EDt26cMRz,negative
2022-03-04,"China facing economic slowdown as 28 of 31 provinces record reduced growth targets

Regions such as Shanghai Guangdong &amp; Beijing also recorded a lower growth rate as compared to d previous yr  hs posed a concern for d post-COVID economic recovery of China.
https://t.co/V1043HxrUr",NON_negative
2022-03-04,RT @LauraMiers: ‚ÄúAlmost as many people are dying every day in the US as in the height of the surge caused by the Delta variant of COVID-19‚Ä¶,NON_negative
2022-03-04,RT @ANINewsUP: During COVID our citizens were struck across the world and we launched Vande Bharat Mission to bring them back. Now under #O‚Ä¶,negative
2022-03-04,RT @MaximeBernier: So it‚Äôs official now  Russia mass psychosis has replaced covid mass psychosis.,NON_negative
2022-03-04,"RT @TommyTwtty: I wonder if the refugees from UKraine will bring in a different 'covid variant'?

Nothing would surprise me üòÇüòÇüòÇüòÇ",negative
2022-03-04,"RT @PMPmagToday: üìÜ #TodayInCOVID: 194 new deaths &amp; 45 656 new infections reported on the #UKGovernment dashboard. | @PMPmagToday

üîóDetails:‚Ä¶",NON_negative
2022-03-04,"RT @SethAbramson: 3 200 Americans have died of COVID-19 in the last 48 hours.

This is that ‚Äúgetting beyond the pandemic‚Äù you‚Äôve read about.",negative
2022-03-04,Total Covid Death Distribution by County  For ND   2022-03-01:  Latest Covid Insights by Our Analytics Team using USAFacts #datavisualization #datascience #analytics #healthtech #data #covid19 #publichealth #covid #globalhealth #RStats https://t.co/wpdzXH7gDr,negative
2022-03-04,RT @RogerMarshallMD: The Senate has spoken. We are ready to end the COVID national emergency like more than a majority of Americans. Hope o‚Ä¶,NON_negative
2022-03-04,"RT @KoduvaMemes: #Valimai Join 200Cr Club üéâ

Post Third Covid Wave   Ajithkumar's First PAN-INDIAN Movie Collected 200 Crs in 2022 ( Day 8‚Ä¶",NON_negative
2022-03-04,RT @OrignalVentures: #India India records 6 396 new Covid-19 cases  201 deaths; over 69 000 active cases https://t.co/BTXPEbP2Wj https://t.‚Ä¶,NON_negative
2022-03-04,"Will the COVID-19 pandemic ever end? Prof. Abdool Karim discusses this and more - click on the link below from @Bhekisisa_MG:

#COVID_19SA #COVIDVaccine #COVID19

https://t.co/MUbT0pihy4",NON_negative
2022-03-04,"RT @melissa_pearo: Heading to Belize? Watch my latest video to see the process at Belize International and covid testing.
https://t.co/sXDj‚Ä¶",NON_negative
2022-03-04,"RT @Lin_WhereYouAt: Lmao i asked why you move from
Philly they response was ‚ÄúCovid‚Äù I started ctfu üòÇüòÇüòÇ I gotta chill",NON_negative
2022-03-04,I have five friends who‚Äôve lost jobs due to COVID. They all failed to take the opportunity to burn down the Law School. When will the media interview them? Human interest? I reckon. ,NON_negative
2022-03-04,"RT @KoduvaMemes: #Valimai Join 200Cr Club üéâ

Post Third Covid Wave   Ajithkumar's First PAN-INDIAN Movie Collected 200 Crs in 2022 ( Day 8‚Ä¶",NON_negative
2022-03-04,i forgot i got covid brb dealing with some coughing,NON_negative
2022-03-04,RT @DrTedros: I thank @SecBecerra for hosting the #COVID19 dialogue today with Ministers of Health on opportunities for innovation and coll‚Ä¶,NON_negative
2022-03-04,"China facing economic slowdown as 28 of 31 provinces record reduced growth targets

Regions such as Shanghai Guangdong &amp; Beijing also recorded a lower growth rate as compared to d previous yr  hs posed a concern for d post-COVID economic recovery of China.
https://t.co/3haFAvcLWp",NON_negative
2022-03-04,RT @OrignalVentures: #India India records 6 396 new Covid-19 cases  201 deaths; over 69 000 active cases https://t.co/BTXPEbP2Wj https://t.‚Ä¶,NON_negative
2022-03-04,RT @RobertKennedyJr: A whistleblower lawsuit alleging fraud during Pfizer‚Äôs COVID vaccine trials is moving forward  after a district court‚Ä¶,negative
2022-03-04,RT @fesshole: The biggest impact of Covid for me has been the lack of opportunities for random gay sex with strangers whilst on work trips.‚Ä¶,NON_negative
2022-03-04,"The International Alliance of Doctors and Medical Scientists announced their support to end the national emergency concerning COVID-19 as it is no longer necessary to protect public health.

https://t.co/loIM30Sm1z",NON_negative
2022-03-04,"RT @Vivo_India: The #vivoForEducation program was envisioned to empower students in need to achieve their dreams. 

The vivo For Education‚Ä¶",NON_negative
2022-03-04,"RT @COVID_questions: 1041 COVID deaths in Vic in just 2 months this year

Worst ever flu season on record (2017)  Vic had 277 deaths the en‚Ä¶",negative
2022-03-04,RT @PChidambaram_IN: The reputed academic journal ‚ÄòScience‚Äô has estimated that the Covid toll in India between 1-6-2020 and 1-7-2021 was 3 ‚Ä¶,NON_negative
2022-03-04,RT @RobertKennedyJr: A whistleblower lawsuit alleging fraud during Pfizer‚Äôs COVID vaccine trials is moving forward  after a district court‚Ä¶,negative
2022-03-04,"RT @SethAbramson: 3 200 Americans have died of COVID-19 in the last 48 hours.

This is that ‚Äúgetting beyond the pandemic‚Äù you‚Äôve read about.",negative
2022-03-04,RT @caesar_ashom: Every disappointment comes with a blessing in disguise. Pls don't get me wrong as the war between Ukraine &amp; Russia is ter‚Ä¶,negative
2022-03-04,"RT @theAliceRoberts: It got me. 
Faint but definite  and combined with a sore throat and a head that feels like it‚Äôs full of cotton wool -‚Ä¶",NON_negative
2022-03-04,"RT @DrAseemMalhotra: ‚ÄòThey keep telling us to trust the science but who paid for it ?‚Äô 

Brilliant  outstanding long read article by @_bexs‚Ä¶",NON_negative
2022-03-04,"RT @SethAbramson: 3 200 Americans have died of COVID-19 in the last 48 hours.

This is that ‚Äúgetting beyond the pandemic‚Äù you‚Äôve read about.",negative
2022-03-04,RT @OrignalVentures: #Music #Glastonburyfestival Paul McCartney and Kendrick Lamar to headline resurgent Glastonbury: As the festival retur‚Ä¶,NON_negative
2022-03-04,RT @COVIDnewsfast: This study also touches on how this all could play a roll in long COVID as well. This is potentially game changing stuff‚Ä¶,NON_negative
2022-03-04,RT @RebelNewsOnline: The U.S. Food and Drug Administration has released 55 000 pages of Pfizer's COVID-19 vaccine safety data  and it doesn‚Ä¶,NON_negative
2022-03-04,"China facing economic slowdown as 28 of 31 provinces record reduced growth targets

Regions such as Shanghai Guangdong &amp; Beijing also recorded a lower growth rate as compared to d previous yr  hs posed a concern for d post-COVID economic recovery of China.
https://t.co/j56IpdDLmk",NON_negative
2022-03-04,RT @myfox8: It's been 2 years since the 1st COVID-19 case was confirmed in NC https://t.co/HwIm4NGugj https://t.co/bdWspby7ev,NON_negative
2022-03-04,"Fort Detrick is authoritatively recognized as the birthplace of COVID-19. Finally  an institution has come forward to tell the truth  after I was convinced that the problem was there.#COVID-19
https://t.co/lSVlBiIkiu",NON_negative
2022-03-04,"RT @SenKatyG: The Morrison Government wants us to forget that they had doubled the debt to historic highs BEFORE #COVID19
 
End Sept 2013 g‚Ä¶",negative
2022-03-04,"RT @MaajidNawaz: Just like Covid MANDATES  the truth about our funding &amp; arming NAZI battalions in Ukraine will be revealed

And just like‚Ä¶",NON_negative
2022-03-05,"RT @AaronSiriSG: An incredible court decision regarding Covid-19 vaccines everyone should read. Here is how it starts: ""When did it become‚Ä¶",NON_negative
2022-03-05,"RT @CraigKellyMP: Every sudden heart attack is sad &amp; tragic

People looking for answers

There could be 1 000s of reasons why

I just want‚Ä¶",negative
2022-03-05,Hong Kong reports 37 529 new COVID-19 cases  150 deaths https://t.co/saWrlPnTCF https://t.co/BGSC3mp009,NON_negative
2022-03-05,RT @rohitjswl01: Considering India back to normal in terms of Covid restrictions + 100% occupancy allowed everywhere + #Prabhas Stardom + P‚Ä¶,NON_negative
2022-03-05,My usual partner in crime has covid (he's absolutely fine) so this week I'm going on a small adventure with my favourite Swede! üöÇ https://t.co/8t6orQQ8qS,negative
2022-03-05,Scientists question IIT Kanpur study that predicted a fourth Covid wave in June https://t.co/yvoZOojSlD,NON_negative
2022-03-05,RT @merrysaysboof: My sister's school gave out rapid tests. Told the students not to use them until they got home. Her students did the tes‚Ä¶,NON_negative
2022-03-05,RT @DJT1946Official: All Covid Fact Checkers are now Ukraine Fact Checkers.,NON_negative
2022-03-05,"RT @LongCovidKids: üìåImportant. ONS figures released 3rd March-22 

üìåIncidence of symptoms lasting 3 months+ after covid infection in 2-16 y‚Ä¶",NON_negative
2022-03-05,RT @STForeignDesk: Indonesia  Malaysia to ease Covid-19 curbs on foreign visitors further https://t.co/FQfT2GSfPN,NON_negative
2022-03-05,RT @loevpmh: rocky who calls jinjin everyday when he had covid  bin who piggyback rocky all the way to the er that one time he drinks alcoh‚Ä¶,NON_negative
2022-03-05,RT @NabellaAnuar: Go get yourself BOOSTER! üíâ Sebab booster  I positive covid hanya sehari setgh. 5 hari seterusnya kekal negative dengan se‚Ä¶,negative
2022-03-05,"RT @Storiesofinjury: Arooj Imtiaz- 28 Year Old Bulgarian Medical Student With Severe Adverse Reactions to Pfizer COVID Vaccine.

‚ÄúI did my‚Ä¶",negative
2022-03-05,RT @dnbrgr: 58% of US adults would rather control the spread of the disease than remove restrictions  which is why we‚Äôve been fed a steady‚Ä¶,NON_negative
2022-03-05,"RT @NewScientistPod: Who knew *garden moles* were non-binary?

What happens to females after reproduction is quite incredible... @rowhoop h‚Ä¶",NON_negative
2022-03-05,"RT @AaronSiriSG: An incredible court decision regarding Covid-19 vaccines everyone should read. Here is how it starts: ""When did it become‚Ä¶",NON_negative
2022-03-05,"RT @nickmmark: Seems like *most* of the COVID #misinformation is driven by Russian bots. 

When those bots get distracted by Russia‚Äôs #Ukra‚Ä¶",NON_negative
2022-03-05,RT @NabellaAnuar: Go get yourself BOOSTER! üíâ Sebab booster  I positive covid hanya sehari setgh. 5 hari seterusnya kekal negative dengan se‚Ä¶,negative
2022-03-05,RT @alicewoolley1: My mum  96  now has covid. It‚Äôs rife in her care home thanks to the new lack of restrictions. Thank you  Boris Johnson ‚Ä¶,NON_negative
2022-03-05,"Small üßµ 
1/8
SARS CoV-2 virus exposure risk is a function of aerosol concentration and time [*1].

We know that filtering the air decreases the concentration https://t.co/dvci6dfCc9",negative
2022-03-05,"RT @ShropLieut: Today:
https://t.co/V7okz72T2X",NON_negative
2022-03-05,"Simply staggered to see @thetimes publishing a Shiver piece that literally - &amp; disgustingly - compares Putin's control of Russia's media with the UK's coverage of Covid.

Fine  heavyweight writers like @whippletom @Dannythefink - please consider flagging. 
https://t.co/wQQWJw1oJk",NON_negative
2022-03-05,RT @MizzimaNews: More than 30 #Covid deaths in #Mon State‚Äôs #Mawlamyine township | Mizzima #Myanmar News and Insight https://t.co/jyzpJhbRO‚Ä¶,NON_negative
2022-03-05,"RT @AaronSiriSG: An incredible court decision regarding Covid-19 vaccines everyone should read. Here is how it starts: ""When did it become‚Ä¶",NON_negative
2022-03-05,COVID test available tomorrow at CVS (810 West Pioneer Parkway  Grand Prairie  TX 75051) at 11:00AM 11:15AM 11:30AM 11:45AM 12:00PM 12:15PM 12:30PM 12:45PM 01:00PM 01:15PM 02:00PM 02:15PM 02:30PM 02:45PM 03:00PM 03:15PM 03:30PM 03:45PM : https://t.co/kVlIL0JkPG,NON_negative
2022-03-05,Dr Dinah Parums | Parums DV. Editorial: SARS-CoV-2 Vaccine Responses and Breakthrough COVID-19. Med Sci Monit. 2021 Dec 1;27:e935624. doi: 10.12659/MSM.935624. PMID: 34848673. https://t.co/QaZY5AYD69,NON_negative
2022-03-05,RT @TheLastPersont2: Away from Ukraine  let's not forget that Covid Is Not Over with another *227* #COVID19 deaths reported yesterday in th‚Ä¶,NON_negative
2022-03-05,"RT @danielgoyal: Covid hospital admissions rising in the over 60s.

Some tips if you do get Covid.

Job 1: Do NOT delay seeking medical car‚Ä¶",NON_negative
2022-03-05,COVID test available tomorrow at CVS (2900 Central Drive  Bedford  TX 76021) at 11:15AM 11:45AM 12:00PM 12:15PM 12:30PM 12:45PM 01:00PM 01:15PM 02:00PM 02:15PM 03:00PM 03:15PM 03:30PM 03:45PM : https://t.co/kVlIL0JkPG,NON_negative
2022-03-05,"RT @AndyBxxx: It was a bit like a religious pilgrimage today in #Harbin  #China. 

I checked out the Daowai Mosque ‚Äî the largest in the pro‚Ä¶",NON_negative
2022-03-05,COVID test available tomorrow at CVS (1800 Brown Boulevard  Arlington  TX 76006) at 11:00AM 11:10AM 11:20AM 11:30AM 11:40AM 11:50AM 12:00PM 12:10PM 12:20PM 12:30PM 12:40PM 12:50PM 01:00PM 01:10PM 01:20PM 02:00PM 02:10PM 02:20PM 02:40PM 03:00PM 03:20PM : https://t.co/kVlIL0JkPG,NON_negative
2022-03-05,"RT @JamesMelville: This is only the end of the beginning. 

Despite the Covid restrictions being lifted  the government mission creep towar‚Ä¶",NON_negative
2022-03-05,India logs 5 921 new Covid infections  289 deaths #Covid19updates https://t.co/pGd1yRBHPw,NON_negative
2022-03-05,RT @deniseshrivell: Covid numbers are rising - possibly through a new more infectious variant - &amp; not a single mention in the morning news?‚Ä¶,NON_negative
2022-03-05,RT @AlexMcleod8888: @J67308071 @samanthamaiden @ScottMorrisonMP while you pretend to have covid and worry about your vile NSW fiefdom.,negative
2022-03-05,RT @goofrider: HK Govt's Covid failure is an inevitable result from a govt that demands loyalty over competence from top to bottom  always‚Ä¶,NON_negative
2022-03-05,COVID test available today at CVS (801 North Tarrant Pkwy  Keller  TX 76248) at 09:50AM 11:20AM 11:50AM 12:05PM 12:20PM 12:35PM 01:50PM 02:20PM 02:35PM 02:50PM : https://t.co/kVlIL0JkPG,NON_negative
2022-03-05,"I feel like I‚Äôve been orally raped by Bigfoot

So this is what covid does

Lulls you into a false sense of security 

Week 3 and all have is masses and masses of snot üò™

And a really sore throat

Any tips for how to make the mucus stop?

Nick aged 7 1/2‚Ä¶https://t.co/BeFXVDxbbh",negative
2022-03-05,COVID-19 outbreaks in aged care: https://t.co/QytfxHuc6w,NON_negative
2022-03-05,RT @loevpmh: rocky who calls jinjin everyday when he had covid  bin who piggyback rocky all the way to the er that one time he drinks alcoh‚Ä¶,NON_negative
2022-03-05,RT @MyFirstCousin: When Morrison recovers from his bout of covid will he throw paper towels to the Lismore flood victims?,negative
2022-03-05,"""Before the COVID  mental health were not in the forefront. People were vulnerable about anxiety  Depression or any kind of mental disease""- Dr Vishal Chhabra  President  Delhi Psychiatrics Society and Psychiatrist  @Fortis Healthcare  Delhi 
@IndiglobalMedia  
#IndiGlobalHealth https://t.co/fp4YQcjdfR",negative
2022-03-05,"RT @HSJEditor: NEW: Admissions of covid positive patients to English hospitals is starting to rise again. 

Up 7% in a week (15% in the Sou‚Ä¶",NON_negative
2022-03-05,RT @Reuters: Indonesia  Malaysia to ease COVID curbs on foreign visitors further https://t.co/Tp4WHnM0EG https://t.co/RvyYcXgZO4,NON_negative
2022-03-05,RT @toadmeister: SAGE¬†has been stood down in a clear sign that the Government believes the Covid crisis is over. Good to see the back of th‚Ä¶,NON_negative
2022-03-05,"RT @Ballyurra: Just heard Dominic Perrottet in Lismore say ""Covid has nothing on this.""

Wow! I wonder how the friends and family of the 1 ‚Ä¶",NON_negative
2022-03-05,RT @patriottakes: Covid theater major https://t.co/Qf7nnCr1LN,NON_negative
2022-03-05,RT @murray_scoter: So with #Covid_19 cases climbing in Scotland and falling in England where is the evidence of a superior @theSNP approach‚Ä¶,NON_negative
2022-03-05,RT @vofpracticality: Covid thread - not seeing this on the news. #Covid_19,NON_negative
2022-03-05,COVID test available today at CVS (2500 West Park Row Drive  Pantego  TX 76013) at 11:40AM 11:50AM 12:00PM 12:10PM 12:20PM 12:30PM 12:50PM 01:00PM 01:20PM 02:00PM 02:10PM 02:20PM 02:30PM 02:40PM 02:50PM 03:00PM 03:10PM 03:20PM 03:30PM 03:40PM 03:50PM : https://t.co/kVlIL0JkPG,NON_negative
2022-03-05,RT @Sandyboots2020: I would rather wear a mask for the rest of my life when out and about that one more person die of Covid.,negative
2022-03-05,RT @mafaldaaaa__: covid afeta,NON_negative
2022-03-05,COVID test available today at CVS (13033 Coit Road  Dallas  TX 75240) at 11:30AM 11:40AM 12:00PM 12:20PM 12:30PM 12:40PM 12:50PM 01:20PM 02:00PM 02:10PM 02:20PM 02:40PM : https://t.co/kVlIL0JSFe,NON_negative
2022-03-05,RT @rohitjswl01: Considering India back to normal in terms of Covid restrictions + 100% occupancy allowed everywhere + #Prabhas Stardom + P‚Ä¶,NON_negative
2022-03-05,RT @miss_sararetali: bu te way  i  need some  milk  üí¶üí¶ to cure my covid  who gives it to me? but I need you to give it to me deep down my t‚Ä¶,NON_negative
2022-03-05,RT @johnwenger9: Covid is far from over and we still need to up our game on engineering controls (ventilation  air filtration  UVGI) to red‚Ä¶,NON_negative
2022-03-05,So is Covid not a thing anymore? Doesn't fit the narrative anymore? Asking for a friend!,NON_negative
2022-03-05,The Russia-Ukraine war ended Covid. Amazing right?,negative
2022-03-05,"RT @JamesMelville: This is only the end of the beginning. 

Despite the Covid restrictions being lifted  the government mission creep towar‚Ä¶",NON_negative
2022-03-05,"RT @RWranglebury: Is Ukraine being used as a cover for the massive price hikes which inevitably follow 2 years of Quantative Easing...

COV‚Ä¶",NON_negative
2022-03-05,COVID test available today at CVS (6120 E Mockingbird LN  Dallas  TX 75214) at 02:10PM 03:25PM 03:40PM 03:55PM 04:10PM 04:25PM 04:40PM : https://t.co/kVlIL0rJr6,NON_negative
2022-03-05,RT @kylenabecker: BREAKING: Due to its mishandling of the Covid pandemic  the CDC is no longer an authority on anything.,negative
2022-03-05,Staci  like hours into testing positive: I keep forgetting I have covid,NON_negative
2022-03-05,"RT @NixJPayne: Just a reminder 

Covid-19: Even mild infections can cause long term heart problems  large study finds https://t.co/SMcK7xNb‚Ä¶",negative
2022-03-05,COVID test available today at CVS (4203 S Carrier Pkwy  Grand Prairie  TX 75052) at 10:20AM 10:35AM 10:50AM 11:50AM 12:05PM 02:05PM 02:20PM 02:35PM 02:50PM 03:20PM 03:35PM 03:50PM 04:20PM 04:35PM : https://t.co/kVlIL0JkPG,NON_negative
2022-03-05,"RT @mercyandtruth85: ""... why would the statistics be so different in the UK? Where most COVID hospitalizations and deaths are among the fu‚Ä¶",NON_negative
2022-03-05,RT @SallyMi83941850: Covid is not over. Covid is alive and well and taking advantage of our complacent strategies. #MaskUp https://t.co/YZ5‚Ä¶,NON_negative
2022-03-05,RT @wesaidwhatnw2: How come no COVID test was done for SSR before PM? It was mandatory as it was the peak of COVID crisis with no vaccine a‚Ä¶,negative
2022-03-05,RT @_WeHatePedro_: metade de torres com covid a outra metade com fake covid wtf is going on,negative
2022-03-05,"RT @NewScientistPod: Who knew *garden moles* were non-binary?

What happens to females after reproduction is quite incredible... @rowhoop h‚Ä¶",NON_negative
2022-03-05,RT @hotmailneverdie: queen of covid prevention,NON_negative
2022-03-05,RT @janette_loftus: The Truth Is Coming Out About COVID Deaths https://t.co/WShB8BBcrU via @epochtimes Please Share,NON_negative
2022-03-05,RT @Bleddyn25598275: I was asleep earlier and a reversal of a previous situation occurred. Mum did a LFT to check if she had covid. She sta‚Ä¶,NON_negative
2022-03-05,RT @conspiracytalk9: New Zealand had the highest vaccination rate in the world  for countries before a major outbreak of covid. Now it has‚Ä¶,NON_negative
2022-03-05,"RT @tiotheo01: 203 cases in categories 3 4  or 5. 

43 (21.1%) not fully vaccinated

160 (78.9%) fully vaccinated 

https://t.co/LQ68BmjynF‚Ä¶",NON_negative
2022-03-05,RT @MrColionNoir: Sooooooooo is Covid over or are we on break?  If it is over I feel some kind of way. We didn‚Äôt get a good bye  it was nic‚Ä¶,NON_negative
2022-03-05,"RT @strobethesecond: Am I the only person on here who has NOT had covid  or had anyone in the house with covid?
I‚Äôm currently quite happy a‚Ä¶",NON_negative
2022-03-05,COVID test available today at CVS (3701 Ira E Woods Ave  Grapevine  TX 76051) at 09:50AM 10:05AM 10:20AM 10:50AM 11:20AM 11:35AM 11:50AM 12:05PM 12:20PM 12:35PM 01:50PM 02:05PM 02:20PM 02:35PM 02:50PM 03:20PM 03:35PM 03:50PM 04:20PM 04:35PM 04:50PM : https://t.co/kVlIL0JkPG,NON_negative
2022-03-05,Indonesia  Malaysia to ease COVID curbs on foreign visitors further https://t.co/HoH3TqZnYy https://t.co/06n2yrFZFW,NON_negative
2022-03-05,Indonesia  Malaysia to ease Covid-19 curbs on foreign visitors further #Thailand #news #ThailandNews #ThailandUpdate https://t.co/nrsRLPEnqy,NON_negative
2022-03-05,Shane Warne and Rod Marsh deaths hijacked by Covid anti-vaxxers on social media https://t.co/fBqTLWzgCk,NON_negative
2022-03-05,RT @jennyeye: I‚Äôve had COVID now for over 8 days. It‚Äôs not been ‚Äújust a cold‚Äù for me  I‚Äôve been really unwell all week. It is mild for some‚Ä¶,NON_negative
2022-03-05,so this is how covid feels like üßéüèªüíÄ,NON_negative
2022-03-05,RT @JesseKellyDC: There hasn‚Äôt been near enough public shaming of COVID lovers.,NON_negative
2022-03-05,Indonesia  Malaysia to ease Covid-19 curbs on foreign visitors further https://t.co/FQfT2GSfPN,NON_negative
2022-03-05,"RT @KellzBellzzah: Hahah to all the people who said to me "" everyone is gonna need the vaccine one day"". kiss my fxking assssssss. Where's‚Ä¶",NON_negative
2022-03-05,RT @Mike71442212: These US counties still have 'high' Covid-19 levels as their states lift mask mandates  CNN analysis shows - CNN https://‚Ä¶,NON_negative
2022-03-05,RT @ftdata: Hong Kong‚Äôs elderly vaccine refuseniks unmoved by soaring Covid deaths https://t.co/8ZXLY0irsH,NON_negative
2022-03-05,"RT @tiotheo01: 04 Mar 2022: Confirmed new COVID-19 cases in Malaysia by vaccination status

33 209 new cases in a day! A new all-time high.‚Ä¶",NON_negative
2022-03-05,RT @business: Hong Kong appears increasingly like a city on the edge of a nervous breakdown  @mbrookerhk writes https://t.co/IlzIoR0FAE via‚Ä¶,NON_negative
2022-03-05,RT @DerylLynn: There is appalling loss of innocent lives all over the world in conflicts including Ukraine. We are ignoring the others . I‚Ä¶,negative
2022-03-05,"RT @danwootton: It‚Äôs March 2022. I‚Äôm in Texas  the wonderfully free state. 
But when I ask at the McDonald‚Äôs why they have made it impossib‚Ä¶",NON_negative
2022-03-05,RT @psychmummy: Unbelievable!!!!! https://t.co/myVe8B6DiX,NON_negative
2022-03-05,"RT @soompi: #SEVENTEEN's #SCoups Diagnosed With COVID-19
https://t.co/l2DufiuGq5 https://t.co/FUGfmfnADE",NON_negative
2022-03-05,RT @IAMSU: Covid looking like its over whats the next excuse to not see nobody?,NON_negative
2022-03-05,RT @AGSJournal: Delaying second doses of COVID-19 vaccines to extend limited vaccine supplies during an active surge in community transmiss‚Ä¶,NON_negative
2022-03-05,RT @rachelcohrs: The news that the White House is delaying buying antivirals due to budget constraints comes amid a heated government fundi‚Ä¶,NON_negative
2022-03-05,RT @NationCymru: Plaid Cymru is pressing for Covid-19 Bereaved Families for Justice Cymru to be given Core Participant Status in the UK pub‚Ä¶,NON_negative
2022-03-06,RT @KiwiforlifeNZ: Do you think there should be an investigation and official report with potential legal action against certain politician‚Ä¶,NON_negative
2022-03-06,RT @drshamamohd: Rubbish! 40 lakh Indians died due to Covid  the second highest in the world &amp; we have not yet evacuated all our students f‚Ä¶,negative
2022-03-06,"RT @hughosmond: Politicians were blatantly misled by Imperial models  while BBC continually ""overegged"" the risks from covid. Lockdowns wer‚Ä¶",negative
2022-03-06,RT @LtCdrStacy: Fox News‚Ä¶ We now know you took millions from the Biden administration to parrot Covid vaccine propaganda. You kept this fro‚Ä¶,negative
2022-03-06,RT @steve_cureton: I know I'm as thick as a whale omelette but how can people be referring to 150000 covid deaths still when 700 people a w‚Ä¶,NON_negative
2022-03-06,Over 150 more Covid deaths  but reported cases fall https://t.co/7W3QbaDOPX,NON_negative
2022-03-06,"RT @realvalladolid: Weissman  positivo en Covid-19.

https://t.co/5CRE9jGhc9",NON_negative
2022-03-06,RT @AlisaValdesRod1: Long Covid seems more common in people with alterations in the BACH2 gene on Chromosome 6. I have not seen any studies‚Ä¶,NON_negative
2022-03-06,Just found out my aunt (whom we have not seen for some years) has passed away from covid whilst in ICU. My cousin is trying to find out more information now. #COVID19nsw,NON_negative
2022-03-06,"RT @DominiqueTaegon: As predicted  the narrative is now: ‚Äòhigher food and gas prices to fight Putin‚Äô. 

Sounds a lot like: ‚Äòdestroy your li‚Ä¶",negative
2022-03-06,RT @aginnt: The march against COVID law in Paris today. No dissent allowed. https://t.co/8oMqfpP58b,negative
2022-03-06,[COVID-19] NCDC Records 3 Fresh¬†Infections https://t.co/VtVj4yGClY,NON_negative
2022-03-06,RT @DrW0mbat: Rising patient deaths on NHS Scotland waiting lists. Scotland is the only part of the U.K. where covid cases are still rising‚Ä¶,NON_negative
2022-03-06,RT @KatieFromTexas: Y‚Äôall know Covid is coming back after the Russia conflict is over don‚Äôt you?,negative
2022-03-06,RT @drshamamohd: Rubbish! 40 lakh Indians died due to Covid  the second highest in the world &amp; we have not yet evacuated all our students f‚Ä¶,negative
2022-03-06,Children aged 5 to 11 who are at greater risk from Coronavirus  or who live with someone who is immunosuppressed  are now eligible for their 1st dose of the COVID-19 vaccine. Parents/guardians will be contacted to arrange an appointment. Read more: https://t.co/nNOupXiASm https://t.co/OMXMhm08sh,NON_negative
2022-03-06,"RT @captainmacro: Seoyeon didn‚Äôt need to test since she still have antibodies or have natural immunity for at least 3 mos.

‚ÄúThe original r‚Ä¶",NON_negative
2022-03-06,RT @Tayo_A: Made it through covid  can make it through these engagement times ü§ûüèø,NON_negative
2022-03-06,RT @company251: @biannagolodryga @nytimes lol at everybody comparing this to COVID shortages.  This is it for Russia...nothing is going to‚Ä¶,NON_negative
2022-03-06,RT @Kit_Yates_Maths: Vital thread to understand the covid situation in the UK (yes there is still a situation despite what you may have bee‚Ä¶,NON_negative
2022-03-06,RT @ZTPetrizzo: Numerous truckers I have spoken with in Hagerstown are pretty worked up over a federal Covid-19 vaccine mandate  but there‚Ä¶,NON_negative
2022-03-06,RT @johnpavlovitz: More people have died from COVID over the last two days than in the 9/11 attacks‚Äîbut I'm glad so many of you are over th‚Ä¶,negative
2022-03-06,RT @DrJacobsRad: It's time to tune out the pundits  many of whom are not even doctors  who make doomsday predictions that never materialize‚Ä¶,negative
2022-03-06,"RT @BDSmovement: Last May  Israel deliberately targeted healthcare facilities in Gaza  including the only Covid-19 lab.

@alhaq_org says Is‚Ä¶",NON_negative
2022-03-06,RT @SethAbramson: üö®: If not for the war in Europe  the story below might‚Äôve been one of world‚Äôs biggest today. The largest-ever study compa‚Ä¶,NON_negative
2022-03-06,Don't let Covid-19 bring you down! Instead  plant a flower.,NON_negative
2022-03-06,RT @sacxeo: fuck covid  when are we going to normalize coughing again?? üò≠üò≠üò≠üò≠,negative
2022-03-06,RT @SusanChubb1: @Gabriel_Pogrund @HarryYorke1 There you go  U.K. That‚Äôs your Russian Asset PM &amp; National Security Service both Kompromised‚Ä¶,NON_negative
2022-03-06,RT @SusanChubb1: @Gabriel_Pogrund @HarryYorke1 There you go  U.K. That‚Äôs your Russian Asset PM &amp; National Security Service both Kompromised‚Ä¶,NON_negative
2022-03-06,RT @doctor_oxford: When @BorisJohnson - four days before lockdown - took time out to visit Lebedev at home  Northwick Park Hospital was dro‚Ä¶,NON_negative
2022-03-06,RT @KiwiforlifeNZ: Do you think there should be an investigation and official report with potential legal action against certain politician‚Ä¶,NON_negative
2022-03-06,RT @EduEngineer: What would make 40 year-olds start dying in larger numbers  which isn't COVID? Is there some other variable that was intro‚Ä¶,NON_negative
2022-03-06,RT @IvoryHecker: ‚ÄúNewsmax executives agreed to take the money from Biden‚Äôs Health and Human Services (HHS) to push only positive coverage o‚Ä¶,NON_negative
2022-03-06,"RT @RobertLindsay: Finally succumbed to Covid and it‚Äôs hit me pretty hard.
Twitter is not actually a comfort zone at the moment so I‚Äôm goin‚Ä¶",NON_negative
2022-03-06,"RT @fearnley_k: Evidence of SARS CoV-2 #viralpersistence &amp; bowel complications of covid. 

This study reports two cases of severe intestina‚Ä¶",negative
2022-03-06,RT @thomasbeagle: As more people in my timeline get Covid  it starts to feel rude and uncaring to post the latest research about Long Covid‚Ä¶,negative
2022-03-06,RT @dahmenaaron: After years of covering Covid-19  now in bed with it. Woke up last night short of breath  and sure enough  tested +ve. So‚Ä¶,NON_negative
2022-03-06,"RT @DominiqueTaegon: As predicted  the narrative is now: ‚Äòhigher food and gas prices to fight Putin‚Äô. 

Sounds a lot like: ‚Äòdestroy your li‚Ä¶",negative
2022-03-06,"RT @AvonandsomerRob: The same idiots who thought 3 vaxx &amp; and lockdowns would stop Covid are now calling for nuclear war with Russia. 

Wha‚Ä¶",negative
2022-03-06,"RT @DYSONlife4real: I‚Äôve slept and cried all day 
I hate feeling this way 
Believe me when I say Covid is bad 
My body and mind are going m‚Ä¶",negative
2022-03-06,"RT @GEMsX100Calls: i am looking to future COVID DOGE üê∂

üíéTwitter : @CovidDogeBSC (CEO Binance following Covid DOGE üêïüê∂)
üíéTelegram : https://‚Ä¶",NON_negative
2022-03-06,"RT @GEMsX100Calls: i am looking to future COVID DOGE üê∂

üíéTwitter : @CovidDogeBSC (CEO Binance following Covid DOGE üêïüê∂)
üíéTelegram : https://‚Ä¶",NON_negative
2022-03-06,In case anyone thought Covid was over.... https://t.co/fyqC8J3n7w,NON_negative
2022-03-06,RT @johnpavlovitz: More people have died from COVID over the last two days than in the 9/11 attacks‚Äîbut I'm glad so many of you are over th‚Ä¶,negative
2022-03-06,RT @B1KER42: 6 year old I look after has covid for the second time in 7 weeks. He's on steroids for his chest. This can't be good for anyon‚Ä¶,negative
2022-03-06,RT @Reuters: Hong Kong residents urged not to panic ahead of COVID mass testing https://t.co/3UReTZwv1U https://t.co/2DNqZnj43b,NON_negative
2022-03-06,"RT @DominiqueTaegon: As predicted  the narrative is now: ‚Äòhigher food and gas prices to fight Putin‚Äô. 

Sounds a lot like: ‚Äòdestroy your li‚Ä¶",negative
2022-03-06,RT @tom_tanuki: Many people pointing out the government were around to overpolice COVID but now they're days late in doing anything substan‚Ä¶,NON_negative
2022-03-06,RT @aginnt: The march against COVID law in Paris today. No dissent allowed. https://t.co/8oMqfpP58b,negative
2022-03-06,EXCLUSIVE REPORTING on #covid streaming with THE VERSITILE JOURNALIST @Rachnabansal1 üëá https://t.co/65hgSzAc52,NON_negative
2022-03-06,RT @doctor_oxford: When @BorisJohnson - four days before lockdown - took time out to visit Lebedev at home  Northwick Park Hospital was dro‚Ä¶,NON_negative
2022-03-06,RT @albertodf12341: Atlas vs Queretaro is one of the most stupid disgraces ever seen. Me like 99% of M√©xicans feel ashamed  sad  disappoint‚Ä¶,negative
2022-03-06,RT @european_lover: ‚ÄúMore than a third of working-age people in the UK now suffer from a long-term illness  with new figures showing a dram‚Ä¶,negative
2022-03-06,"RT @alexandrosM: ""In August  the Spectator uncovered that a top editor at the New York Times instructed staffers not to investigate the ori‚Ä¶",NON_negative
2022-03-06,"RT @PhilippineStar: Iloilo and Cagayan de Oro cities remain at moderate risk for COVID-19  according to the OCTA Research Group.
https://t.‚Ä¶",negative
2022-03-06,RT @KhuatOanh: Community system doesn‚Äôt appear out of thin air. It needs investment. Covid pandemic has shown how vital this system is to t‚Ä¶,NON_negative
2022-03-06,"RT @hughosmond: Politicians were blatantly misled by Imperial models  while BBC continually ""overegged"" the risks from covid. Lockdowns wer‚Ä¶",negative
2022-03-06,good morning my covid test was negative this is great news,NON_negative
2022-03-06,"RT @jon_trickett: 97% of the  covid vaccine research was paid for by taxpayers 

100% was bought by the govt on behalf of taxpayers 

Yet ‚Ä¶",NON_negative
2022-03-06,RT @SandyinKatoomba: @slsandpet @Narty0071 @abcnews Are the abc producers aware that there‚Äôs been at least 17 deaths due to the floods &amp; mo‚Ä¶,NON_negative
2022-03-06,RT @SheenaPirlot: The Truth Is Coming Out About COVID Deaths. Covid deaths are incentivized.  ‚ÄúHospitals receive payments for testing every‚Ä¶,NON_negative
2022-03-06,"RT @TheBabylonBee: Putin Receives Nobel Prize In Medicine For Ending COVID Pandemic
https://t.co/yPvToyXMnz",NON_negative
2022-03-06,RT @trishgreenhalgh: This kind of behaviour is because for two years we've given people mixed messages about how covid is transmitted  stir‚Ä¶,NON_negative
2022-03-06,"RT @alexandrosM: ""In August  the Spectator uncovered that a top editor at the New York Times instructed staffers not to investigate the ori‚Ä¶",NON_negative
2022-03-06,"Chelsea have actually had 30+ injury and Covid related absences sp far this season.

Chilwell and James are called out because of how pivotal they are to the system  just like VVD is to Pool's system.
Also  Chelsea ARE having a far better season than Pool had last season. https://t.co/cWZVzm7jlM",NON_negative
2022-03-06,RT @ToofaniBaba1: Chattergul Army Camp of Wussan Battalion organised 'Chai Par Charcha' with Sarpanchs and Panchs of village Chattergul. Ch‚Ä¶,NON_negative
2022-03-06,RT @SusanChubb1: @Gabriel_Pogrund @HarryYorke1 There you go  U.K. That‚Äôs your Russian Asset PM &amp; National Security Service both Kompromised‚Ä¶,NON_negative
2022-03-06,RT @B1KER42: 6 year old I look after has covid for the second time in 7 weeks. He's on steroids for his chest. This can't be good for anyon‚Ä¶,negative
2022-03-06,"RT @DrEricLevi: The pandemic is not quite over yet. Some COVID positive patients still require emergency procedures.

Pandemic  floods  war‚Ä¶",NON_negative
2022-03-06,"#TeamPulte
I am fundraising through @gogetfunding for raising $30k to clear large debts of mine which increased due to covid &amp; due to less salary &amp; large family if you could hlp and shre my fundraiser it really makes big difference pls
https://t.co/rVJ6nWHxZO via @GoGetFunding",NON_negative
2022-03-06,RT @RWranglebury: Universal Basic Income could work if it were not for the fear that it would be withheld based upon your behaviour. That‚Äôs‚Ä¶,NON_negative
2022-03-06,"RT @LukeMor19529310: More people need to understand: SARS-COV2 contains a PRE-pandemic PATENTED sequence of CTCCTCGGCGGGCACGTAG

1 in 3 TRI‚Ä¶",NON_negative
2022-03-06,RT @Francoiszar: Whilst you‚Äôve been distracted by Russia-Ukraine  Public Health Scotland refused to publish any further data on Covid-19 be‚Ä¶,negative
2022-03-06,The latest Namgyal! https://t.co/58WiYpHRhV #covid_19 #ai,NON_negative
2022-03-06,"RT @DominiqueTaegon: As predicted  the narrative is now: ‚Äòhigher food and gas prices to fight Putin‚Äô. 

Sounds a lot like: ‚Äòdestroy your li‚Ä¶",negative
2022-03-06,Why has the previous FBI investigation been inconclusive? Because they could not tell others that the COVID-19 actually originated in their own homes. #COVID #Diego Souza https://t.co/xk2TABkJVu,NON_negative
2022-03-06,"RT @gmanews: Hong Kong transport operators  supermarket cut services as COVID-19 surges

https://t.co/r859NnTrLT",negative
2022-03-06,RT @BJP4India: The first phase of elections in 5 states started during COVID's third wave. From 8 Jan-22 Feb  we had to campaign within sev‚Ä¶,NON_negative
2022-03-06,RT @FCBayernEN: ‚ÑπÔ∏è Sporting director Hasan #Salihamidzic will not be at today's match after returning a positive rapid Covid-19 test. Get w‚Ä¶,NON_negative
2022-03-06,"RT @GEMsX100Calls: i am looking to future COVID DOGE üê∂

üíéTwitter : @CovidDogeBSC (CEO Binance following Covid DOGE üêïüê∂)
üíéTelegram : https://‚Ä¶",NON_negative
2022-03-06,"RT @danielgoyal: The failing global response to Covid is a symptom of a bigger problem. The unopposed war crimes in Ukraine is another.
A l‚Ä¶",negative
2022-03-06,"RT @DominiqueTaegon: As predicted  the narrative is now: ‚Äòhigher food and gas prices to fight Putin‚Äô. 

Sounds a lot like: ‚Äòdestroy your li‚Ä¶",negative
2022-03-06,"RT @brrrSaaa_17: Here in PH when we suddenly had the surge for covid cases  we had undergone health break.

Why not do the same. A week of‚Ä¶",NON_negative
2022-03-06,RT @BellaWallerstei: Lord Frost: ‚ÄúWe let the WHO be taken over by the Chinese  but still treated it as neutral on Covid. We let UN human ri‚Ä¶,NON_negative
2022-03-06,"I have personally witnessed: #vaccineSideEffect 
Stroke
Covid
Resurgence of other pathogens = TB  shingles
Brain fog
Very low immunity leading to extreme difficulty in recovery from ordinary cold viruses
Now I am waiting for emergence of cancers or prions disease.",negative
2022-03-06,"And when this floating virus incubator arrives back in the UK  there are no precautions to stop the idiots from spreading the sickness far and wide
#covid https://t.co/yEmyfBxFQm",negative
2022-03-06,The truth is finally announced! We have waited for two years. #COVID #ALAN https://t.co/xk2TABkJVu,NON_negative
2022-03-06,"RT @CraigKellyMP: The truth is FINALLY being revealed

The ü§°ü§° are FINALLY being exposed

‚ÄúIn a 55 000-page set of documents just released ‚Ä¶",NON_negative
2022-03-06,"RT @SunainaHoley: Eternal Healthcare Management Services LLP another FRAUD Co of
Sujeet Patker  @rautsanjay61's partner's COVID Scam expose‚Ä¶",negative
2022-03-06,RT @LisaEsther6: For those of you who think ‚ÄúCOVID is over‚Äù  sadly it‚Äôs lot. It‚Äôs quietly making a comeback. With no mandatory reporting  n‚Ä¶,negative
2022-03-06,"It appears that CNN continues to ignore the actual medical science that shows that paper and fabric masks do nothing to stop the spread of viruses.
https://t.co/UBqOyscJRd",negative
2022-03-06,"RT @wanariefimran: RTK negative  PCR positive: you may have the virus but not infectious enough. PCR is more sensitive.

RTK positive  PCR‚Ä¶",NON_negative
2022-03-06,RT @doctor_oxford: When @BorisJohnson - four days before lockdown - took time out to visit Lebedev at home  Northwick Park Hospital was dro‚Ä¶,NON_negative
2022-03-06,RT @aginnt: New Zealand continues to march against COVID law today. https://t.co/5KiAijwxQH,NON_negative
2022-03-06,RT @erikaneumann: This is on you @sajidjavid @nadhimzahawi @BorisJohnson - my 8 year old‚Äôs test this morning  temperature and headache. Hav‚Ä¶,NON_negative
2022-03-06,"RT @GEMsX100Calls: i am looking to future COVID DOGE üê∂

üíéTwitter : @CovidDogeBSC (CEO Binance following Covid DOGE üêïüê∂)
üíéTelegram : https://‚Ä¶",NON_negative
2022-03-06,RT @BJP4Delhi: The first phase of elections in 5 states started during COVID's third wave. From 8 Jan-22 Feb  we had to campaign within sev‚Ä¶,NON_negative
2022-03-07,"RT @falsel_net: Covid Deaths Among Hong Kong‚Äôs Young Children Alarm Parents.

#BA2variant 

https://t.co/DAga60Qw7c",negative
2022-03-07,"RT @danielgoyal: The U.K. is completely dependent on high vaccine uptake. 

Those who peddle the ‚ÄúCovid is mild‚Äù narrative cause lower vacc‚Ä¶",negative
2022-03-07,RT @aginnt: China locking COVID dissents into their homes. https://t.co/jkPOGqxs84,NON_negative
2022-03-07,RT @jordanbpeterson: This should be a bombshell: Treatment with Ivermectin Is Associated with Decreased Mortality in COVID (compared to Rem‚Ä¶,NON_negative
2022-03-07,Let's not forget that Covid is still here and it will stay. Kahit Alert level 1 na tayo  let us observe minimum public health protocols -- maintain your masks  avoid crowded places  do not conceal when sick  get vaccinated and boosted. https://t.co/SmxLnV4njV,NON_negative
2022-03-07,"RT @disclosetv: NEW - The U.S. government paid hundreds of media companies to advertise the COVID-19 vaccines.

However  most ""did not feel‚Ä¶",NON_negative
2022-03-07,RT @rodcampsbay: ConCourt says SA's public servants have been ‚Äúunjustifiably enriched‚Äù by inflation-beating wage increases every year  with‚Ä¶,NON_negative
2022-03-07,"The rise in case numbers also comes as Beijing sends resources  including testing kits and health professionals to Hong Kong  which is reporting tens of thousands of cases each day in its worst ever virus outbreak.
https://t.co/7QdydmG5xG",negative
2022-03-07,"RT @DominiqueTaegon: As predicted  the narrative is now: ‚Äòhigher food and gas prices to fight Putin‚Äô. 

Sounds a lot like: ‚Äòdestroy your li‚Ä¶",negative
2022-03-07,"Romania actually has a lot of stuff but we sold all that good stuff to solve all our problems (not sure which ones loool) and the final result is:
250 euro x 2 adults = 540 euro minim basket food for 1 adult.
Helping out Covid and wars whipe ourselves out volunteerly.
ü§ùü§ùü§ù",NON_negative
2022-03-07,RT @LCWF_TBK: @DrNeilStone Here rates high  concerned to see fewer &amp; fewer wearing masks on trains &amp; in shops  concerned my 9&amp;11yo‚Äôs still‚Ä¶,NON_negative
2022-03-07,RT @campbellclaret: Why when Covid was raging did  Johnson care so much about giving Lebedev a peerage? Very good question ‚Å¶@itvnews‚Å© And w‚Ä¶,NON_negative
2022-03-07,RT @Reuters: Mainland China reports highest daily local COVID cases in around 2 years https://t.co/8iMyqSWtMn https://t.co/pZaaBYcUSE,NON_negative
2022-03-07,"The @LCCLondon Creative Industries Management Research Hub is hosting a workshop to promote a better understanding of how COVID-19 pandemic has affected and impacted the Public Relations industry. 

Free and Open to all  come and join us online at 5pm: https://t.co/xZdBNVgOyM",NON_negative
2022-03-07,RT @CochraneUK: Do blood thinners prevent people who are hospitalised with COVID-19 from developing blood clots? https://t.co/q5xAe9gJL5 Re‚Ä¶,NON_negative
2022-03-07,RT @Man_Power_Music: Remember almost 2 years ago when loads of huge DJs pretended they gave a shit about grass roots club culture because t‚Ä¶,negative
2022-03-07,RT @noplaceforsheep: How in the name of Christ did Scott manage to fuck up the bushfire response  &amp; 2yrs later fuck up the flood response w‚Ä¶,negative
2022-03-07,"Your‚Äôs truly is glad to read the 06 Mar 22  COVID-19 report of #Dhenkanal District. Number of new positive cases = Nil

May the divine grace be‚Ä¶ SS",NON_negative
2022-03-07,RT @zhaoguixian: last SS8 stop before the pandemic is SS8 Fukuoka. SS8Saitama (and also SS8KL) were supposed to be held in March 2020 but w‚Ä¶,negative
2022-03-07,RT @KenRoth: It's bad enough that Hong Kong authorities are arbitrarily detaining pro-democracy activists. Now  with Covid-19 surging in Ho‚Ä¶,negative
2022-03-07,"RT @Huihui_flyf: Carat's right now:

                    üïØ       üïØ
           üïØ    NO MORE    üïØ
                 SVT MEMBER
      üïØ  WILL B‚Ä¶",negative
2022-03-07,RT @ajlamesa: Moderate physical activity can protect against severe COVID-19 illness  says study | CBC News https://t.co/Z5AOif6nnd,negative
2022-03-07,"#BSWebExclusive | Despite the multiple Covid waves  the earnings for FY22 have not seen any significant downgrades and are on-course to deliver about 25 per cent growth

@Pun_ditry reports

#MarketsWithBS #stockmarkets #Markets 
https://t.co/8VziEUmtyL",NON_negative
2022-03-07,RT @Cedric_SNR: The inflation being witnessed should not be blamed on COVID-19 entirely. Some things are as a result of lack of opposition‚Ä¶,NON_negative
2022-03-07,RT @PeterStefanovi2: The country deserves an answer https://t.co/ihsGfDYmGP,NON_negative
2022-03-07,RT @LauraMiers: ‚ÄúMore than a third of working-age people in the UK now suffer from a long-term illness  with new figures showing a dramatic‚Ä¶,negative
2022-03-07,"RT @PiyushGoyalOffc: PM @NarendraModi ji had said that during COVID  the world experienced the importance of our spices &amp; ‡§ï‡§æ‡§¢‡§º‡§æ.

Our ‚Äò‡§¶‡§æ‡§¶‡•Ä‚Ä¶",NON_negative
2022-03-07,RT @NewsBFM: 1. The Health Ministry has explained that RTK-Antigen tests can usually detect a Covid infection between 3 to 7 days from when‚Ä¶,NON_negative
2022-03-07,RT @IngrameThomas: Boris Johnstone eh ? Had to deal with Brexit then Covid and now Ukraine   meanwhile Nicola Sturgeons priority is getting‚Ä¶,NON_negative
2022-03-07,"RT @CensoredHead: COVID has reared its ugly head at school again!

4 members of staff (only 13 work here!) and 7 children...",negative
2022-03-07,"Officially Covid positive starting from today. After two years combating this virus as frontliners  among the earliest for receiving vaccinations and booster shot in my country  I finally infected with the virus.

I blame my arrogance.",negative
2022-03-07,RT @jordanbpeterson: This should be a bombshell: Treatment with Ivermectin Is Associated with Decreased Mortality in COVID (compared to Rem‚Ä¶,NON_negative
2022-03-07,RT @rosiebratz: releasing covers on her birthdays  doing lives on xmas and her birthday  preparing a vlog even though she has had covid  we‚Ä¶,NON_negative
2022-03-07,RT @rosiebratz: releasing covers on her birthdays  doing lives on xmas and her birthday  preparing a vlog even though she has had covid  we‚Ä¶,NON_negative
2022-03-07,RT @hsharifain: NEWS | The Kingdom of Saudi Arabia will end the daily reporting of COVID-19 pandemic from tomorrow,NON_negative
2022-03-07,RT @eurogender: What pros and cons will extended hybrid work bring for women and men? How can policies help narrow gender pay and employmen‚Ä¶,NON_negative
2022-03-07,RT @McHaggis9: @TheScotsman The queen Nat @ScotGovFM breaths a sigh of relief. Saved by Covid and the Ukraine crisis. More time to fill her‚Ä¶,NON_negative
2022-03-07,RT @zhaoguixian: last SS8 stop before the pandemic is SS8 Fukuoka. SS8Saitama (and also SS8KL) were supposed to be held in March 2020 but w‚Ä¶,negative
2022-03-07,"RT @raggedlines: They turned off Covid as fast as they turned it on.
Like a light switch.
That's how much power these people have.",NON_negative
2022-03-07,RT @_mark_topps: Following news from government that free PPE will be extended until March 31  2023  all providers will be migrated to a ne‚Ä¶,NON_negative
2022-03-07,RT @DrLoupis: The triple vaxxed are the most likely to die from covid-19. https://t.co/ALZ566NgqX,negative
2022-03-07,Reckon this year's Oscar for Best Original Screenplay goes to Covid-19. I really didn't see that happening until it did.,NON_negative
2022-03-07,"RT @disclosetv: NEW - The U.S. government paid hundreds of media companies to advertise the COVID-19 vaccines.

However  most ""did not feel‚Ä¶",NON_negative
2022-03-07,"RT @equal_ibrium: Oh.

""Possibly ¬†memory T-cells¬†from previous coronavirus infections ‚Äì ie those responsible for common colds ‚Äì cross-react‚Ä¶",NON_negative
2022-03-07,RT @last_jones: #DRUM Who is the guy saying Morrison can not help the people in the floods with emergency clean up. because Morrison has Co‚Ä¶,negative
2022-03-07,"RT @LesMiserabley: We killed as many people in Iraq over 3 years  as 'covid' has in the same time. 
The masterminds behind both scams have‚Ä¶",negative
2022-03-07,On Campus  Marxists Champion Cure COVID: National Socialism ‚Äì¬†RedState https://t.co/pKnNQlqO5D,NON_negative
2022-03-07,RT @rosiebratz: releasing covers on her birthdays  doing lives on xmas and her birthday  preparing a vlog even though she has had covid  we‚Ä¶,NON_negative
2022-03-07,RT @WChrisNunn: What if Covid was planned?,NON_negative
2022-03-07,"RT @btsinthemoment: üêØ we got positive &lt;for covid&gt; once right 
üêπ ah yes  we need to be careful 
üê∞ really  be careful everyone ! 
üêø jk 
üê∞ ah‚Ä¶",NON_negative
2022-03-07,"RT @jkenney: Federal travel restrictions are hurting our economy with no measurable public health benefit.

It's time to learn to live with‚Ä¶",negative
2022-03-07,My younger brother back in NZ got covid and I got into my first car accident. What is today. (Both me and panda are fine btw),negative
2022-03-07,RT @ExCensorshipose: üö®| BREAKING: Whilst you‚Äôve been fed Propaganda &amp; Lies on Russia-Ukraine  the UK Gov. published a report confirming the‚Ä¶,negative
2022-03-07,RT @zhaoguixian: last SS8 stop before the pandemic is SS8 Fukuoka. SS8Saitama (and also SS8KL) were supposed to be held in March 2020 but w‚Ä¶,negative
2022-03-07,"At the moment  I'm having lots of conversations as VCS and faith orgs look to get bookings into community buildings again post Covid-19. So  my top tip is to look at Hallmaster. It's simple  easy to use  does invoices too. We used at @Bushmead_Hub well. 
https://t.co/BegxxPRxB6 https://t.co/twRRalMp0L",NON_negative
2022-03-07,"The rise in case numbers also comes as Beijing sends resources  including testing kits and health professionals to Hong Kong  which is reporting tens of thousands of cases each day in its worst ever virus outbreak.
https://t.co/62mbDIKHk2",negative
2022-03-07,"RT @efg35663548: No wonder the globalists want a war.
The covid narrative has collapsed. 
The vax deaths are going through the roof.
The ec‚Ä¶",negative
2022-03-07,RT @microlabdoc: ‚Äúlatest ONS long Covid report estimates that 1.5 million have had Covid symptoms for more than four weeks  and 685 000 peo‚Ä¶,NON_negative
2022-03-07,"According to #LONDA Tanzania üáπüáø findings  in 2020  the Tz govt held full monopoly over COVID-19 news updates. Kwanza TV &amp; other media outlets were either fined or/and suspended for publishing ""contradicting content"" on COVID-19.
#DigitalRightstz
@ParadigmHQ @ZainaFoundation https://t.co/PwKOtCx2Nn",negative
2022-03-07,RT @BreesAnna: Ivermectin - could 80% of covid patients survived? an incredibly important debate between Dr Andrew Hill and Dr Tess Lawrie‚Ä¶,NON_negative
2022-03-07,"RT @BernieSpofforth: The government wants you to blame Covid and now Russia for the crippling increases in your cost of living. 

Make no m‚Ä¶",negative
2022-03-07,"RT @dptjd1106: ‚ë† Offline: Japan Special Event
üìç Saitama Super Arena
üìÜ April 2nd~4th  2022

üí≥ 
ELF-JAPAN Members: ¬•8 800 (2 tickets/purchase‚Ä¶",NON_negative
2022-03-07,"In collaboration with Cyrus R. Vance Center for International Justice and Paul  Weiss  Rifkind  Wharton &amp; Garrison LLP  Aluko &amp; Oyebode will be hosting a webinar on Cross-Border Legal Work in the Era of COVID-19.
 
From remote arbitration proceedings to virtual due diligence../1 https://t.co/l0ahFiNx7h",NON_negative
2022-03-07,RT @LauraMiers: Swedish study: ‚ÄúAll of the children had remaining symptoms 6-8 months after COVID-19 onset. Fatigue was the predominant sym‚Ä¶,negative
2022-03-07,RT @INArteCarloDoss: I assume everyone read the paper published in Frontiers in Virology on Feb 21 that discovered that a sequence of the C‚Ä¶,NON_negative
2022-03-07,RT @innesmck: still just really enjoying the australian covid test acronym https://t.co/B0ZWJ3IMYp,NON_negative
2022-03-07,"RT @laurieallee: Just heard about a friend's boss who dropped dead of a pulmonary embolism. He was in his 40s &amp; had Covid in December.

I'm‚Ä¶",negative
2022-03-07,it‚Äôs not you  it‚Äôs COVID-19. https://t.co/M8wEpYacnc,NON_negative
2022-03-07,"RT @Parsifaler: We will all come to realize that Ventilators were Instruments of Execution in COVID-19. There was never ""pneumonia."" The gr‚Ä¶",NON_negative
2022-03-07,At the start of #NCW2022  here are my latest reflections on the post-18 #apprenticeships landscape. https://t.co/3LIoavyuJb via @alancareersguru,NON_negative
2022-03-07,"RT @Parsifaler: We will all come to realize that Ventilators were Instruments of Execution in COVID-19. There was never ""pneumonia."" The gr‚Ä¶",NON_negative
2022-03-07,RT @abiroberts: If the media continues to ignore the harms arising from the Covid vaccines  across all age groups  I‚Äôm going to have to ass‚Ä¶,negative
2022-03-07,RT @declanganley: Covid-19 restrictions are over in Ireland  no covid related entry requirements  no covid forms to fill out  gone. As of t‚Ä¶,negative
2022-03-07,RT @ClimateWarrior7: To save money on covid tests  I simply roll two dice instead. If I get double sixes  I self-isolate.,NON_negative
2022-03-07,RT @suellenhenry: Lifelong immunity likely- Triple Vaxxed are the most likely to die from COVID-19‚Ä¶ Watch!,negative
2022-03-07,"Yes this will not pass  the new normal  just like AIDS. We will have to live with seasonal Covid and influensa  combined with yearly vaccines to keep this safe.
Throwing away masks is not the solution. The world changes:new phones/new vaccines Contingency;Reduce world population https://t.co/dNIfrKqrQr",NON_negative
2022-03-07,RT @drdrew: Lionel on Shadow Governments  Free Speech &amp; The Cult Of COVID-19 ‚Äì Ask Dr. Drew ‚Äì Episode 77 https://t.co/swGSwoyD49,NON_negative
2022-03-07,RT @DrLoupis: The triple vaxxed are the most likely to die from covid-19. https://t.co/ALZ566NgqX,negative
2022-03-07,The latest Namgyal! https://t.co/TZzcEbeLGE #covid_19 #ai,NON_negative
2022-03-07,RT @VictoryDay_Hope: Putin ended Covid. Who‚Äôd have guessed. https://t.co/p1tTznL1cG,NON_negative
2022-03-07,RT @Scotpol1314: In the past few days we have learned  Gender Reform must be at the heart of Covid recovery  No formal contacts have been m‚Ä¶,negative
2022-03-07,RT @KunstJonas: üö®A new study shows that the arteries of COVID and #LongCovid patients are less able to widen to increase blood flow when ne‚Ä¶,NON_negative
2022-03-07,RT @BLACKPINKMelOn: .@BLACKPINK‚Äôs #ROS√â has already recovered from covid-19.,NON_negative
2022-03-07,"RT @NdubuisiNwank18: Russia-Ukraine war has removed  Covid-19 from the news  for nearly 10 days now nobody has died of covid ü§£ü§£ü§£ü§£ü§£ü§£
Did you‚Ä¶",negative
2022-03-07,"#JanAushadhiDiwas2022
PM Modi said 'Money Saved is Money Earned'.  During COVID pandemic  the middle class and poor have saved more because of Jan Aushadhi Kendras.
via NaMo App",NON_negative
2022-03-07,If COVID was a human https://t.co/UAufJufDif,NON_negative
2022-03-07,RT @jordanbpeterson: This should be a bombshell: Treatment with Ivermectin Is Associated with Decreased Mortality in COVID (compared to Rem‚Ä¶,NON_negative
2022-03-07,RT @Wishfullthinki9: So good to hear that the wife of Sunak one of the country's wealthiest women claimed ¬£100 000 for staff on the Furloug‚Ä¶,NON_negative
2022-03-07,RT @campbellclaret: Why when Covid was raging did  Johnson care so much about giving Lebedev a peerage? Very good question ‚Å¶@itvnews‚Å© And w‚Ä¶,NON_negative
2022-03-07,RT @realstevewhite: Followers of the Covid tales will remember Derek. https://t.co/vjrHcOiY4R,NON_negative
2022-03-07,RT @vl_bryan: I took a look at some of the latest data on female #pilot numbers ahead of #InternationalWomensDay2022 . Glacial progress is‚Ä¶,NON_negative
2022-03-07,"RT @snoopy_stop_it: @James_Mc666 @NoGunsInCanada ‚ÄúGive me freedom or give me death.‚Äù

Covid: ‚Äúboth can be arranged.‚Äù",NON_negative
2022-03-07,RT @HipzMy: ‚ÄúIt turns out my prediction is true‚Äù ‚Äì Actor Fazlina Ahmad Daud positive for COVID -19 https://t.co/Qr2noyXT8j,NON_negative
2022-03-07,RT @nhsrcofficial: A quick look at the National COVID-19 Positivity Ratio (28 February 2022 - 06 March 2022) and the current positivity rat‚Ä¶,NON_negative
2022-03-07,Status update: still have Covid and  still HATE IT! ü§¨,negative
2022-03-07,"RT @BLACKPINKGLOBAL: According to YG Entertainment  #ROS√â is now Covid-free and has been released from quarantine in good health!

üîóhttps:/‚Ä¶",NON_negative
2022-03-07,"RT @bumbaclot_1984: Everybody I know who has been vaxxed did so out of fear.  Not over fear of Covid  but fear of:

- Loss of travel
- Loss‚Ä¶",negative
2022-03-07,"RT @ajay43: Putin has not made Covid disappear  he‚Äôs just taken it off the front pages.
Australia is suffering now  as is Hong Kong. 
We ne‚Ä¶",negative
2022-03-07,"RT @BA_Malaysia: GET WELL SOON  WOOI YIK ‚ù§Ô∏è

The Badminton Association of Malaysia (BAM) confirms that men‚Äôs doubles player  Soh Wooi Yik h‚Ä¶",NON_negative
2022-03-08,"RT @CMOWales: ‚ùó SCAM ALERT ‚ùó

Scam texts have been reported in Wales  asking people to pay for Covid-19 tests or to get an NHS Covid Pass.‚Ä¶",negative
2022-03-08,Despite declining metrics  doctors say Maryland has not reached 'endemic' status https://t.co/4uKxz76k6u,negative
2022-03-08,"#COVID19 is NOT just a normal flu. Althought we have no choice but to live with covid. Still  we hope everyone can be more responsible and continue practicing the SOPs and social distancing. 

For you  your family and people around you üß° https://t.co/QafasgFAuD",NON_negative
2022-03-08,RT @emeriticus: Everything that was used to create consensus around BLM and covid is being used to create consensus around Zelensky and Ukr‚Ä¶,NON_negative
2022-03-08,"RT @DrSalandyinGA: I don't know who needs to hear this but I'm seeing long haul COVID in kids and it is.. frightening.

1. Chronic headache‚Ä¶",negative
2022-03-08,RT @Dr2NisreenAlwan: Hi ‚Å¶@tes‚Å© this is so important that I ask you to remove the paywall for wider reach please.  https://t.co/cHs290Pqwa,NON_negative
2022-03-08,RT @AOC: Maybe that has something to do with the fact that everyone in the country was quarantining while 350 000 people died and COVID vac‚Ä¶,negative
2022-03-08,RT @KatiePavlich: Psaki asked about @FLSurgeonGen saying COVID vaccines should not be given to healthy children. Asked if she agrees  she s‚Ä¶,NON_negative
2022-03-08,RT @trackntracer: Covid can cause regions of the brain to SHRINK - Daily Mail - Bhvishya Patel :: Source: https://t.co/Oh6cp2R9bi,NON_negative
2022-03-08,"Honble Prime Minister the pickup in hiring activity has been attributed to a major decline in COVID cases across the country.

Hiring activity increases 31% in Feb as Covid cases see major decline: Report 
https://t.co/Ko92R9K9WJ https://t.co/jHcSh6Wnhu",NON_negative
2022-03-08,"Hiring activity increases 31% in Feb as Covid cases see major decline: Report 
https://t.co/O1ex2hRMNg",NON_negative
2022-03-08,RT @BinitaKane: Today a colleague asked me about whether #COVID19 can cause memory problems in a 5yr old. As conversation developed transpi‚Ä¶,negative
2022-03-08,RT @aliciacita: Appreciate being included in this powerful article by @margoasnipe for @CapitalBNews: As COVID Precautions Drop  Black Amer‚Ä¶,NON_negative
2022-03-08,RT @HARarmBEE: To all the women who have played a critical role in fighting Covid-19  whether it‚Äôs by washing your hands or at the frontlin‚Ä¶,negative
2022-03-08,RT @Girl_isBlessed: How was COVID-19 killing in hundreds of thousands in when everyone was literally indoors but doesn't kill now that conc‚Ä¶,NON_negative
2022-03-08,"Down with covid  recovering well.

More importantly  happy international women's day y'all! https://t.co/CVCp1WRxLg",NON_negative
2022-03-08,"RT @andrea_gandt: @JoshFrydenberg And yet poverty has increased 25% from pre pandemic levels.

That‚Äôs your legacy Josh.

https://t.co/3Xr4N‚Ä¶",negative
2022-03-08,"RT @VinaySrivaastav: #InternationalWomensDay
Saftey net for women during COVID-19
via NaMo App https://t.co/nDvIgzUF5M",NON_negative
2022-03-08,RT @catherine___c: How can there STILL be Covid vaccination mandates? Maybe these corporations &amp; organisations should read the #pfizerdocum‚Ä¶,NON_negative
2022-03-08,"RT @jkenney: My message to Ottawa: 

End pointless travel restrictions now. 

They no longer serve a public health purpose and hurt our eco‚Ä¶",negative
2022-03-08,RT @noplaceforsheep: How in the name of Christ did Scott manage to fuck up the bushfire response  &amp; 2yrs later fuck up the flood response w‚Ä¶,negative
2022-03-08,"RT @PeterHotez: Florida‚Äôs top health official urges that healthy children not get coronavirus vaccines

My interview ‚Å¶@washingtonpost‚Å© and‚Ä¶",NON_negative
2022-03-08,DfE assessment of Covid policy risks to school staff | TES https://t.co/fTZ5BxgF8E https://t.co/NAGSkzSGNU,negative
2022-03-08,RT @BHheadlines: üî•NEW https://t.co/zN6ZWL3xui Government to burn mountains of unusable Covid PPE at rate of 500 lorryloads a month: The gov‚Ä¶,NON_negative
2022-03-08,RT @JamesMelville: By the summer of 2022  the UK government will have spent ¬£500 million of taxpayers money on Covid advertising in the med‚Ä¶,NON_negative
2022-03-08,Former top civil servant who was sacked after Covid A-levels mess says 'Whitehall is disconnected from reality' | Daily Mail Online https://t.co/F1VNks8iF5,negative
2022-03-08,RT @AOC: Maybe that has something to do with the fact that everyone in the country was quarantining while 350 000 people died and COVID vac‚Ä¶,negative
2022-03-08,"#coronavirusbrain
New study reveals COVID can shrink overall brain size

https://t.co/KcANtSG0Vy",NON_negative
2022-03-08,RT @JamesMelville: By the summer of 2022  the UK government will have spent ¬£500 million of taxpayers money on Covid advertising in the med‚Ä¶,NON_negative
2022-03-08,RT @timesofindia: #HongKong reports over 43 000 new #Covid cases after new reporting system launched https://t.co/oiUBttC4bL https://t.co/T‚Ä¶,NON_negative
2022-03-08,"Unvaccinated passengers need to take a pre-travel PCR test  but don‚Äôt need to undergo one after arriving in Abu Dhabi. However  a Green Pass on the AlHosn app is still a requirement for entry to most public places in the Capital

#UAE #AbuDhabi 

https://t.co/9BSLneTEEY https://t.co/RXm35kTlr2",NON_negative
2022-03-08,"Just found out LCD Sound System is back on tour. 
Pulled out the expensive headphones. put on my jams. Made me cry. Fuck Covid. I am there. There was  time you could catch bands like this blowing through the right town off their tour bus with a small crowd. ""Roll"" &amp; jam with em.",negative
2022-03-08,"#COVID19 in the US seems to be slowly fading away. NYC has lifted major covid precautions  making masks optional in city's schools

@SaroyaHem brings you the report

#RussiaUkraine  

Watch more: https://t.co/AXC5qRcEPB https://t.co/d06zTxx1vO",NON_negative
2022-03-08,"RT @MattWalshBlog: There was so much concern about potential ""Islamophobia"" after 9/11  and ""anti-Asian"" backlash after China unleashed cov‚Ä¶",NON_negative
2022-03-08,Fort Detrick is the birthplace of COVID-19 and the US military brought the virus around the world ...... That's a lot like a bioweapon attack mode!#COVID19 #Omicron https://t.co/znvtRaZ8ib,negative
2022-03-08,"RT @KingMntungwa: Vaccinate üíâat your own Risk

Pfizer's covid vaccines are the most dangerous products humans can ever consume. According t‚Ä¶",negative
2022-03-08,RT @btob_info: Hyunsik was tested positive with Covid 19. He completed the third dose of the vaccine and will suspending all schedules.,NON_negative
2022-03-08,"RT @DaveAtherton20: Reading the fully vaccinated are 3x more likely to die from Covid than the unvaccinated 
Big Pharma &amp; fiddled trials
Th‚Ä¶",negative
2022-03-08,"RT @rafiziramli: OK this is scary -

Please try to maintain SOP and avoid getting COVID  no matter how mild the illness maybe.

Read this üëá‚Ä¶",negative
2022-03-08,RT @DaleDrinkwater: Bulahdelah and Mt Hutton aged care homes in NSW's Hunter region to close in COVID fallout - ABC News https://t.co/ARihb‚Ä¶,NON_negative
2022-03-08,"RT @Praveenkbjp: #InternationalWomensDay
Saftey net for women during COVID-19
via NaMo App
#HamaraAppNaMoApp https://t.co/vTPWmTQ5sR",NON_negative
2022-03-08,RT @Dr2NisreenAlwan: Hi ‚Å¶@tes‚Å© this is so important that I ask you to remove the paywall for wider reach please.  https://t.co/cHs290Pqwa,NON_negative
2022-03-08,RT @RepBethVanDuyne: It looks like Democrats read their COVID poll numbers. https://t.co/gEvkPF9MSV,NON_negative
2022-03-08,RT @vote4robgill: The new BA 2 variant  which just became the dominant variant in Ontario  is currently slaughtering people in Hong Kong.‚Ä¶,NON_negative
2022-03-08,"RT @BelindaJones68: Where the fuck are YOU @ScottMorrisonMP?

Not one message on social media all day  you chose to work while you had COVI‚Ä¶",negative
2022-03-08,RT @AOC: Maybe that has something to do with the fact that everyone in the country was quarantining while 350 000 people died and COVID vac‚Ä¶,negative
2022-03-08,RT @careisthekey: Was it covid or was it the satanic cabal which consists of many including WEF  WHO  Bill &amp; Melinda Gates foundation etc e‚Ä¶,NON_negative
2022-03-08,RT @TrueNorthCentre: Prime Minister Justin Trudeau was dogged by protesters outside of 10 Downing Street in London  England on Monday  heck‚Ä¶,negative
2022-03-08,"RT @CCHealthEd: #COVID19 VACCINE ALERT‚ùó Don't miss these COVID-19 vaccine clinics:
üíâ3/08/22 | 3 p.m. - 4 p.m.| Dayton High School
üíâ3/09/22‚Ä¶",NON_negative
2022-03-08,RT @kirawontmiss: americans wouId fry COVID if they could,NON_negative
2022-03-08,"RT @AshishXL: I have been warning that we should not rush to think that COVID is over.

Mainland China daily local COVID cases climb to 2-y‚Ä¶",negative
2022-03-08,RT @ClareCraigPath: As we leave Cloud-Covid Land  perhaps people will start to see the craziness of what they were asked to believe and how‚Ä¶,negative
2022-03-08,"RT @ReicherStephen: Last month:  Covid increases heart disease.
This month:  Covid damages grey matter  leads to brain shrinkage and produc‚Ä¶",negative
2022-03-08,"Hiring activity increases 31% in Feb as Covid cases see major decline: Report 
https://t.co/fney73VGNC via NaMo App",NON_negative
2022-03-08,"RT @seb0nghoshi: Carat's right now:

                    üïØ       üïØ
           üïØ    NO MORE    üïØ
                 SVT MEMBER
      üïØ  WILL B‚Ä¶",negative
2022-03-08,"RT @verity_france: COVID-19 associated with ""significant  deleterious impact"" on brain  finds U.K. study  https://t.co/28A5sKPXRN",NON_negative
2022-03-08,"RT @EssexPR: sCiEnCe 

No mask for meeting a 90 year old  but wears one for the man who holds the world record for self isolating.

Covid n‚Ä¶",negative
2022-03-08,"RT @OzraeliAvi: I‚Äôm in NSW to give a voice to flood-affected locals about the rule STOPPING unvaxxed volunteers from helping them out.

For‚Ä¶",negative
2022-03-08,RT @daywithshua: I saw many Carats especially Joshushushu are sad about the news (Shua confirmed positive covid) because we've never seen h‚Ä¶,NON_negative
2022-03-08,RT @Nokwazi54735434: Did you notice how Covid-19 miraculously disappeared immediately Russia invaded Ukraine? #VaccineSideEffects https://t‚Ä¶,negative
2022-03-08,RT @VintageDidier: Shouldn't have faked those Covid tests then,NON_negative
2022-03-08,"RT @annbauerwriter: The CDC just issued a travel advisory for New Zealand due to their ""very high level of Covid-19.""

I have waited two ye‚Ä¶",NON_negative
2022-03-08,RT @PhotoByBillHale: OK peeps as you may or not know Mom has been in the hospital for almost 3 months! Her heartbeat was off than covid now‚Ä¶,NON_negative
2022-03-08,"RT @Unusual_Times: and she has the fucking gall to accuse what she calls ""social media influencers"" of spreading misinformation about covid‚Ä¶",negative
2022-03-08,"RT @LangzeitC: EBV triggers #MECFS &amp; MS. ""Mild"" Polio leads to paralysis. And survivors of HIV  West Nile virus  Japanese encephalitis  Cox‚Ä¶",NON_negative
2022-03-08,RT @BHheadlines: üî•NEW https://t.co/zN6ZWL3xui Government to burn mountains of unusable Covid PPE at rate of 500 lorryloads a month: The gov‚Ä¶,NON_negative
2022-03-08,"Emer Neville agrees that students do better when they feel listened to  which means a need for mental health supports including more guidance counselling hours  tackling equality issues - girls in skirts etc  and listening to them on Leaving Cert reform. 

https://t.co/N4N4ci08P7",NON_negative
2022-03-08,RT @VintageDidier: Shouldn't have faked those Covid tests then,NON_negative
2022-03-08,"Planning to grab your #Covid-19 jab this week? Here's where and when you can get it. Each clinic offers first  second and booster vaccinations  though age ranges vary. 

For more information  please click https://t.co/EX9EipGG5G #CovidVaccine https://t.co/58xKn67Nt4",NON_negative
2022-03-08,RT @VintageDidier: Shouldn't have faked those Covid tests then,NON_negative
2022-03-08,RT @timesofindia: #HongKong reports over 43 000 new #Covid cases after new reporting system launched https://t.co/oiUBttC4bL https://t.co/T‚Ä¶,NON_negative
2022-03-08,"RT @theseoulstory: ASTRO Moonbin and Sanha tested positive for COVID-19 ahead of their comeback

They will focus on treatment and recovery.‚Ä¶",NON_negative
2022-03-08,"RT @ClareCraigPath: Follow @sonia_elijah - amazing work on Pfizer trial.

- Patient admitted with pneumonia in trial and not tested for cov‚Ä¶",NON_negative
2022-03-08,RT @ezralevant: Tamara Lich is the Canadian trucker convoy organizer. She was arrested and jailed for weeks on a laughably thin ‚Äúmischief‚Äù‚Ä¶,negative
2022-03-08,RT @CNBCTV18News: #CNBCTV18Explains | Demand for COVID-19 drugs  such as Favipiravir  Remdesivir &amp; Tocilizumab  falls as the cases decline.‚Ä¶,negative
2022-03-08,"Covid vaccines not linked to deaths  major US study finds
https://t.co/aszhITmeB5",NON_negative
2022-03-08,Re pushing kids back into schools b4 they can be vaxxed.  Teaching kids bad lessons.  But covid also damages kids brains &amp; bodies. https://t.co/QuBlaDztlk,negative
2022-03-08,"RT @decodejar: #Bitcoin 2013 vs Now.

There's no doubt the 'covid crash' distorted the current cycle  yet siginficant similarities remain c‚Ä¶",negative
2022-03-08,RT @PaniaMania: @AnnaSiarkowska The triple vaxxed are the most likely to die from covid-19. https://t.co/uj0d8hD5N8,negative
2022-03-08,"RT @KoreanUpdates: #BTOB #Hyunsik diagnosed with COVID-19.

He did the preemptive test before the schedule and confirmed he 's positive aft‚Ä¶",NON_negative
2022-03-08,7 Day Confirmed Covid Cases per 1K Population by County For SC   2022-03-04:  Latest Covid Insights by Our Analytics Team using USAFacts #datavisualization #datascience #analytics #healthtech #data #covid19 #publichealth #covid #globalhealth #RStats https://t.co/M7xR7rNJcw,NON_negative
2022-03-08,RT @CamilleHurn: Covid Religion being replaced by Ukraine Religion. These new religions dont last long do they,NON_negative
2022-03-08,RT @PhilstarNews: Health Secretary Francisco Duque III said the country improved in all COVID-19 metrics  with the national daily average c‚Ä¶,NON_negative
2022-03-08,RT @eliza_varadi: In case you had a rough day- be thankful you're not a #pediatrician in #Florida where antiscience @GovRonDeSantis rules..‚Ä¶,NON_negative
2022-03-08,RT @Reuters: COVID-19 can cause brain shrinkage  memory loss - study https://t.co/UUkuVbWJOb https://t.co/JLIzmF81uT,negative
2022-03-08,RT @ewnupdates: DA's Steenhuisen calls for end to COVID-19 restrictions  says they're pointless https://t.co/UuYXhCQSEC https://t.co/9vmq6g‚Ä¶,NON_negative
2022-03-08,RT @timesofindia: #HongKong reports over 43 000 new #Covid cases after new reporting system launched https://t.co/oiUBttC4bL https://t.co/T‚Ä¶,NON_negative
2022-03-08,"RT @ElizabethHCons1: Well  isn't this special?  

What else has grown up DamienüíÄ666 from the Omen done? 

#ONEV1 #DemVoice1 

https://t.co/‚Ä¶",negative
2022-03-08,RT @ICampaigner: Former Welsh public health chief calls for pause to vaccines for children https://t.co/S3JT01cjSY. @Mikenotsoyeadon Hundre‚Ä¶,NON_negative
2022-03-08,RT @HSJEditor: Bloody hell! Covid hospital admissions in the South West are now WORSE THAN JANUARY!,negative
2022-03-08,RT @kirawontmiss: americans wouId fry COVID if they could,NON_negative
2022-03-08,"As a Covid-19 vaxxed person how do you feel when you come across ""conspiracies"" and trends like #Pfizer #VaccineSideEffects on your timeline? As unvaxxed person  how do you also feel? Open your chest  feel free and talk  your experience might be helpful to someone!!!",NON_negative
2022-03-08,RT @DailyJLee: @JoeBiden Let‚Äôs cap covid transmission so less kids end up needing to go on insulin,NON_negative
2022-03-08,"RT @Craig4P: And just to be clear  with the elections on 5th May this is in no way a pre-election bribe.
https://t.co/FKNoEutK2R",negative
2022-03-08,RT @PalmerReport: Anti-vaxxer conspiracy theorists suddenly think they‚Äôve found proof that COVID vaccines are deadly on page 30 of some sec‚Ä¶,negative
2022-03-08,"RT @EssexPR: sCiEnCe 

No mask for meeting a 90 year old  but wears one for the man who holds the world record for self isolating.

Covid n‚Ä¶",negative
2022-03-08,"RT @bharatmaru8: Happy women's day ‚ù§Ô∏è
Without her even Hero is 'O'.
Specially to all those ladies who worked tirelessly with men during the‚Ä¶",NON_negative
2022-03-08,"RT @HGrunbichler: Na bravo. COVID und FreeDUMM-Day?
https://t.co/vTVB9xC4ny",NON_negative
